account_name,account_id,follower_username,follower_id,follower_location
equipedefrance,2155215398,NKoudjovi,1542131844304470017,
equipedefrance,2155215398,DjibyDiaa,1542132326976602112,
equipedefrance,2155215398,Konan_Jeanlouis,892676407578554368,
equipedefrance,2155215398,FOSA_07,1534464817473495040,
equipedefrance,2155215398,DjibySo99332204,1515006306360377345,
equipedefrance,2155215398,aia_mui,1542130191002214402,
equipedefrance,2155215398,LizerIssufo,1542131648132784129,
equipedefrance,2155215398,roux_fabiola,1542131558492110849,
equipedefrance,2155215398,LhommeN39029142,1492159862201012225,
equipedefrance,2155215398,asimicla,353781797,
equipedefrance,2155215398,odartchenko,1525709435850608641,
equipedefrance,2155215398,Nass69109,1542130479771652096,
equipedefrance,2155215398,EmilianoBernas1,1517473178922139649,
equipedefrance,2155215398,bahrachid14,1542125434363682820,
equipedefrance,2155215398,Mahmoud60252807,1542126517630771201,
equipedefrance,2155215398,Michellohata6,1542126068076879872,
equipedefrance,2155215398,Youneslagress,1542127870826389505,
equipedefrance,2155215398,AndrAyou3,1508416260564000770,
equipedefrance,2155215398,Xixi03791319,1542126663366053890,
equipedefrance,2155215398,LilaCaille,1542127616517459968,Ceo of Ã” Coeur des Tropiques 
equipedefrance,2155215398,MohemmedElidri1,1542127208436752384,
equipedefrance,2155215398,Elbichooo079,1542127408245080065,
equipedefrance,2155215398,DagnasA,1538998524305723393,
equipedefrance,2155215398,mohamed87370937,1542126161601466370,
equipedefrance,2155215398,FlootMoney,1542127161255120897,
equipedefrance,2155215398,ziedmahdhi13,1542127515078197248,
equipedefrance,2155215398,BelbachirSadek,1542126496025919490,
equipedefrance,2155215398,nanakwa97082401,1541818449961394177,
equipedefrance,2155215398,ahmedha57630438,1542118970643415043,
equipedefrance,2155215398,diaabdoulaye665,1542113901516570624,
equipedefrance,2155215398,PrescyliaPinea1,1539525376334041089,
equipedefrance,2155215398,_raidjrr,1462396408800202752,
equipedefrance,2155215398,Caps_madda972,1542122438011633666,
equipedefrance,2155215398,IrangoG,1542121347953868802,
equipedefrance,2155215398,Ibrahimalejo_3,1538222975824056320,
equipedefrance,2155215398,Footbal20939723,1541582703551823872,
equipedefrance,2155215398,sidomyn,1250157726581305347,
equipedefrance,2155215398,jhutsgdh,1542123332618813442,
equipedefrance,2155215398,HalilAlileriche,1542120398594220032,
equipedefrance,2155215398,Vaa_Gin,1493189006116503561,Kenya
equipedefrance,2155215398,AbdoulA2046,1541822289800568840,
equipedefrance,2155215398,AymarMadi,1542122822931304448,
equipedefrance,2155215398,HollyLa99663354,1542120687254503424,
equipedefrance,2155215398,aimeengom2,1542122059370749956,
equipedefrance,2155215398,Skou61820132,1542120520438759426,
equipedefrance,2155215398,pzez06,754055050683617280,"Nizza, Frankreich"
equipedefrance,2155215398,Clover41665359,1541908142828699649,
equipedefrance,2155215398,Jarudech26,1542119088088297472,
equipedefrance,2155215398,sologandji,1542118882567143424,
equipedefrance,2155215398,Alemx3434,1542119592759382017,
equipedefrance,2155215398,mJ3SqQDeRSP76Gl,1542120407402266624,
equipedefrance,2155215398,RayeneBenharza1,1542119428007108609,
equipedefrance,2155215398,hermanzegerman1,1440666081719316491,
equipedefrance,2155215398,martine_binet,1542118086282805249,
equipedefrance,2155215398,PapaSar89935215,1541480197689679874,
equipedefrance,2155215398,Tamsirtfr,1542118945129472001,
equipedefrance,2155215398,Moustap01996476,1506794843573563400,
equipedefrance,2155215398,DenisIpangui,1258501603977498631,
equipedefrance,2155215398,boulanger_rocco,1540399329822777345,
equipedefrance,2155215398,oumarmadi177,1542117428150272001,
equipedefrance,2155215398,JoelMbebi,1542114618763534336,
equipedefrance,2155215398,QuakwuQ,1541744932439969795,
equipedefrance,2155215398,bramss926,1542119117708206080,
equipedefrance,2155215398,AywbAlshtyby,1542117698519408641,
equipedefrance,2155215398,Sorozan90,1542116827089846272,
equipedefrance,2155215398,damy_herve,1542118079261442050,
equipedefrance,2155215398,MariaLarge9,1542117176194306050,
equipedefrance,2155215398,Stphaniedesval2,1542108350082605056,"Paris, Frankreich"
equipedefrance,2155215398,MadiouniAla,1542116540719550464,
equipedefrance,2155215398,Roxane_Dzt,1542117987003637761,
equipedefrance,2155215398,MahfouzSouley,1542117094862487552,
equipedefrance,2155215398,mathieubogaert2,1542117709248450560,
equipedefrance,2155215398,EstebanGauvrit,1542117188588511235,
equipedefrance,2155215398,marwansabri_,1542118143413428224,
equipedefrance,2155215398,Bangour04354585,1488494809979527177,
equipedefrance,2155215398,maurel_lele,1542116442493095940,
equipedefrance,2155215398,MbeUtd2,1542117000406831108,
equipedefrance,2155215398,Idrissa09598787,1542117447871913985,
equipedefrance,2155215398,ArindaChakrabo3,1542117780765700096,
equipedefrance,2155215398,BastienTrieux,1542117366078865414,
equipedefrance,2155215398,caribailol78076,1542116158219948032,
equipedefrance,2155215398,kabradou,895317939192246273,Guinea
equipedefrance,2155215398,AugusteErlande,1542116315435081728,
equipedefrance,2155215398,AnneMar111,1542115589988155393,
equipedefrance,2155215398,Bengs95386154,1542116133922394114,
equipedefrance,2155215398,ewansoinard5,1542059220467605506,
equipedefrance,2155215398,Yael2307,1542115966657728512,
equipedefrance,2155215398,HazaamU,1538212493457248259,
equipedefrance,2155215398,HamzaGa77,1542112477344927744,
equipedefrance,2155215398,maamar31051978,1542114417344659458,
equipedefrance,2155215398,flixcay,1542115345456054272,
equipedefrance,2155215398,mucha_gonorrea_,1541250373603803136,"BogotÃ¡, D.C., Colombia"
equipedefrance,2155215398,BilalMujic3,1509796748394385428,
equipedefrance,2155215398,Traorec38719401,1542114682470891520,
equipedefrance,2155215398,ibrahim10448609,1542111496473378819,
equipedefrance,2155215398,KhnaChei,1542112881503862785,
equipedefrance,2155215398,Michaelair16,1542112540897017858,
equipedefrance,2155215398,youssouf413,1542112455379361793,
equipedefrance,2155215398,nat41674089,1542113967371345920,
equipedefrance,2155215398,MohameDiallo56,1506354510561742850,Mali
equipedefrance,2155215398,daillyserge180,1542110419598413824,
equipedefrance,2155215398,qzmvicente,1542111031568261120,
equipedefrance,2155215398,jn_karl_14,1542101249306370048,
equipedefrance,2155215398,VILIIX_8ILX,1542110810767597568,
equipedefrance,2155215398,WestLuphondo98,1538488555953180672,
equipedefrance,2155215398,YvesNzengue,1542110573743202304,
equipedefrance,2155215398,diatta_marietou,1542111973931884544,
equipedefrance,2155215398,KenyiJames10,1532746172200366082,
equipedefrance,2155215398,DannyBarkley4,1525012483798335493,Burundi
equipedefrance,2155215398,Mystery53760429,1382031683562651653,
equipedefrance,2155215398,RakotonirinaFr6,1541768796565798912,
equipedefrance,2155215398,SanamoryT,1542110214232604672,
equipedefrance,2155215398,BTherain,1542111073188421635,
equipedefrance,2155215398,Magnol1Magnol,1474020965063475202,
equipedefrance,2155215398,Erwanvadunthun,1504094129072054273,
equipedefrance,2155215398,BiscaJ,2729798151,Frankreich
equipedefrance,2155215398,new_greed,1542107926713827328,
equipedefrance,2155215398,Wonder131313,1542108110151639040,
equipedefrance,2155215398,UJ0PWvH6FJGQkWC,1542109537766981640,
equipedefrance,2155215398,magui25111998,1542107844316741635,
equipedefrance,2155215398,haffachalbia,1542106843098513409,
equipedefrance,2155215398,FredericNohet59,1542108219119734785,
equipedefrance,2155215398,ckamara11,1542108701640851456,
equipedefrance,2155215398,Abousoro5,808274820462968832,ElfenbeinkÃ¼ste
equipedefrance,2155215398,Issa_jr_10,1542105618441506819,
equipedefrance,2155215398,rahimradjabali,2299937876,"Pool, Congo"
equipedefrance,2155215398,ManeSeydina2,1539953079898062850,
equipedefrance,2155215398,yp_95100,1542106088698437632,
equipedefrance,2155215398,MaimaDiop,1542105262667988994,
equipedefrance,2155215398,bra_relax,1539623404474699777,
equipedefrance,2155215398,chowxshawn,1068840276,
equipedefrance,2155215398,LucieMendes6,1542106396644229121,
equipedefrance,2155215398,Noufoubazie77,1542104180919263232,
equipedefrance,2155215398,LymixOfficiel,1542105016307253250,
equipedefrance,2155215398,ForgeraisD,1542105697055293440,
equipedefrance,2155215398,Mohamed66241596,1542105424513613825,
equipedefrance,2155215398,RomaricGueu4,1542104373463072771,
equipedefrance,2155215398,MosesDenton9,1527435138854010910,
equipedefrance,2155215398,Zedr0xx,1542105588716519431,
equipedefrance,2155215398,Melnanie4,1541721709006536704,
equipedefrance,2155215398,lsr_nassim,1542103472987832325,
equipedefrance,2155215398,Cheikhismaeil,1542102276411621377,
equipedefrance,2155215398,GeorgesSorolou,1542103332587806721,
equipedefrance,2155215398,RonrasTV,1542104171561865217,
equipedefrance,2155215398,MelissaHeafey1,1542101801138266114,
equipedefrance,2155215398,leflau19,1534426387704070145,
equipedefrance,2155215398,Simongara3,1541881287752966147,
equipedefrance,2155215398,Ondra32590530,1542094378394591233,
equipedefrance,2155215398,traor_bourama,1542103024402894848,
equipedefrance,2155215398,aristote00067,1542103923506429953,
equipedefrance,2155215398,ski_kis3,1542103898340691971,
equipedefrance,2155215398,ilyes_bousmaha,1542104402349232130,
equipedefrance,2155215398,EvanRowley12,1542103355870306304,
equipedefrance,2155215398,AdokoGilbert,1542102055388647426,
equipedefrance,2155215398,maouche_nadjim,1542101009656414209,
equipedefrance,2155215398,tmymalzhrany5,1542101622251311104,
equipedefrance,2155215398,RolandBarna7,1542101875268485122,
equipedefrance,2155215398,sinanatta1,1542099764048715776,
equipedefrance,2155215398,KumassiKouassi,1540350207149412352,
equipedefrance,2155215398,EbenezerMbeah,1378146437280763905,
equipedefrance,2155215398,by6TKUcR3GWq0mt,1377582841337237510,
equipedefrance,2155215398,MoriceViolette,1542100344452354048,
equipedefrance,2155215398,Shikatori_,1542099949869060101,
equipedefrance,2155215398,lamine_aribi,1542098994553393152,
equipedefrance,2155215398,Killian_gth91,1365675223807320066,"Paris, France"
equipedefrance,2155215398,pathe_path,1542099728845905920,
equipedefrance,2155215398,MelineDelamarre,1542100925325639680,
equipedefrance,2155215398,crea_shop62,1542099366747541504,18 Rue du Pot d'Etain (Galerie
equipedefrance,2155215398,Khaledsakka10,1540125491025395719,
equipedefrance,2155215398,fazetytylecon,1542099682893201408,
equipedefrance,2155215398,MBduvingt75,1542098039334178817,
equipedefrance,2155215398,Alassan67570193,1542097490761195521,
equipedefrance,2155215398,theogorin_,1542099896462966786,
equipedefrance,2155215398,Lebon32958535,1542097495223930881,
equipedefrance,2155215398,emyy_72,1542098989163728896,"Le Mans, Frankreich"
equipedefrance,2155215398,ali_adawa,1542098222423937024,
equipedefrance,2155215398,lalman_de,1528841277906767875,"Lyon, Frankreich"
equipedefrance,2155215398,mohamed59037884,1542092108253003776,
equipedefrance,2155215398,MatheusThoms1,1244477970695311360,
equipedefrance,2155215398,milovann_,1496979704213037063,
equipedefrance,2155215398,KatieLe85970094,1542096246952828928,
equipedefrance,2155215398,fusterlhamster,1542095937518043136,"Lyon, Frankreich"
equipedefrance,2155215398,djibril_67,1542097193594765319,
equipedefrance,2155215398,HamzaFrej99,1542093783931699200,
equipedefrance,2155215398,IlyesBouamama,1542094302981111808,
equipedefrance,2155215398,Bambaseydou67,1542092040074313729,
equipedefrance,2155215398,mammolitipaul1,1542095992765513730,
equipedefrance,2155215398,Z4ToREkV51cr8Ai,1346844704432771072,
equipedefrance,2155215398,RachelleDuvall3,1532009218039025672,"Berlin, Deutschland"
equipedefrance,2155215398,arsene_suarez,1488784171078193153,
equipedefrance,2155215398,Mamadou66237696,1542095205595242496,
equipedefrance,2155215398,RmfcnPlantive,1542095233302888448,
equipedefrance,2155215398,Adri_tik,1542091806057418753,
equipedefrance,2155215398,ChristopheManda,1539914650611056641,
equipedefrance,2155215398,LilianTaranne,1500504422731989003,
equipedefrance,2155215398,LeL77120,1542093424609869826,
equipedefrance,2155215398,etougrie,1514246414766911490,
equipedefrance,2155215398,lilpsys,2777515125,
equipedefrance,2155215398,BenIdri21448391,1542092163030343685,
equipedefrance,2155215398,MuotanaA,1542091908826161153,
equipedefrance,2155215398,KonateMamma,1542094092259266560,
equipedefrance,2155215398,NEYMARJRNDIAYE1,1542093230132666368,
equipedefrance,2155215398,Berlin48432882,1542091107739246593,
equipedefrance,2155215398,MDxpwm,1542093345476022272,
equipedefrance,2155215398,Zhanna12610398,1542093365789048833,
equipedefrance,2155215398,JustPurple77,1542091860314931200,
equipedefrance,2155215398,EzabyKhalid,1537301988530081792,
equipedefrance,2155215398,YanisLyo,1279765853869953025,
equipedefrance,2155215398,IdrissBance2,1542092808336678918,
equipedefrance,2155215398,mustafaasall1,1542086204639924224,
equipedefrance,2155215398,DSreu,1542089726227877888,
equipedefrance,2155215398,AnisAma07,1542090659611529220,
equipedefrance,2155215398,editpaupol62,1542091095814832128,
equipedefrance,2155215398,JGrandefrite,1541472480472301575,
equipedefrance,2155215398,SergeOh2,1542091396416405506,Mars
equipedefrance,2155215398,camarac69200550,1542089462242484224,
equipedefrance,2155215398,mmmm46406944,1542089741478281218,
equipedefrance,2155215398,Twitch_Reeqzz,1511702880000040963,
equipedefrance,2155215398,GorguiY,1505220841281363968,
equipedefrance,2155215398,SylvieHaudrechy,1542088661977759744,
equipedefrance,2155215398,c_mansourou,1540714007056621578,
equipedefrance,2155215398,wicpad,1542088666734026752,
equipedefrance,2155215398,GueyeMarasy,1542088509300920320,
equipedefrance,2155215398,veasna87365016,1542088196833820672,
equipedefrance,2155215398,HenrySalde,1542089527476584448,
equipedefrance,2155215398,jovanie80478885,1542088574471897090,
equipedefrance,2155215398,Natasha74271093,1542087242692595712,
equipedefrance,2155215398,modric_mahmoud,1453704870251356161,
equipedefrance,2155215398,titi23219513,1541300386891501568,
equipedefrance,2155215398,Yakubu712630342,1542087191823802368,
equipedefrance,2155215398,FaisalSaei,1542083732475187200,
equipedefrance,2155215398,Ibra70474174,1542087052208005120,
equipedefrance,2155215398,ZoueGnoan,1542086274735083520,
equipedefrance,2155215398,BrahmiWail,1534114720369737735,
equipedefrance,2155215398,kyky_bob,1542087592845496320,
equipedefrance,2155215398,uC2CzvvMzEOI6tT,1542086983924826114,
equipedefrance,2155215398,DenisTatoloumel,1542081260226494476,
equipedefrance,2155215398,AmrAhma74429245,1537036150115811328,
equipedefrance,2155215398,AndreaFrezier,1536718781950701570,
equipedefrance,2155215398,bouy_cheikh,1542085044898074625,
equipedefrance,2155215398,MyoThuY55816575,1541326616126709760,
equipedefrance,2155215398,FrancoisMakasi,1542084556525805568,
equipedefrance,2155215398,ChunguJiere,1542083976529149952,
equipedefrance,2155215398,Gadderz_,1330966363771449349,
equipedefrance,2155215398,Camille94397031,1542085043241328640,
equipedefrance,2155215398,PrenJaya1,1542083828919185408,
equipedefrance,2155215398,twenty092015,1542082362951041024,
equipedefrance,2155215398,kily51625133,1542085168093188098,
equipedefrance,2155215398,iopi92retr,1542084886013644801,
equipedefrance,2155215398,Alain300914741,1542082098839928833,
equipedefrance,2155215398,Mohamed93218817,1542079247182970881,
equipedefrance,2155215398,DjarkoBoniface,1542083383404150784,
equipedefrance,2155215398,AngieSa03856542,1542083412810289152,
equipedefrance,2155215398,dabre2_dabre,1542081328358752256,
equipedefrance,2155215398,WichaiSawangru1,1506649953481158659,
equipedefrance,2155215398,RUA52335185,1541027190057598976,
equipedefrance,2155215398,salouha_bh,1542082175079677952,
equipedefrance,2155215398,TbeguineB,1490295609491959812,"Nord, Cameroon"
equipedefrance,2155215398,Tehahe_Turumai,1155607511652659200,Neukaledonien
equipedefrance,2155215398,dipnjnghosh,705058055499591680,"kolkata, India"
equipedefrance,2155215398,coulibaly2267,1542080785892638720,
equipedefrance,2155215398,sekouto44638591,1116483388381200385,
equipedefrance,2155215398,ia_faze,1542081065455689735,
equipedefrance,2155215398,flmed42,1542079347221200896,
equipedefrance,2155215398,ABOUSOU33818511,1542079378179375104,
equipedefrance,2155215398,Geralto007,1542079309330132992,
equipedefrance,2155215398,MamboteJrmie1,1519437073782034433,
equipedefrance,2155215398,JosephYona13,1541997352860491778,
equipedefrance,2155215398,kadben28920432,1542079687488331776,
equipedefrance,2155215398,SIRKHOLE,1526908351535370240,
equipedefrance,2155215398,william41600,1542079152349745152,
equipedefrance,2155215398,AlsenyD15494967,1542078906114756609,
equipedefrance,2155215398,barryab26598758,1542077981383950336,
equipedefrance,2155215398,fansvinicus_jr,1542077482144260097,
equipedefrance,2155215398,aissatoudoumb12,1542076719502336000,
equipedefrance,2155215398,1970_avril,1542077573282336768,
equipedefrance,2155215398,BiasedTakesOnly,1542077850920296449,
equipedefrance,2155215398,Mohamed66278147,1542073716150083585,
equipedefrance,2155215398,LouisHammer7,1542078415112753152,
equipedefrance,2155215398,fandetout_224,1542078281503088640,
equipedefrance,2155215398,lampkane11,1542077052320456712,
equipedefrance,2155215398,DarrusOndoa,1542076566582312963,
equipedefrance,2155215398,Mouhame61161459,1527546334156308480,
equipedefrance,2155215398,Scherchowich,1532385732177891330,Kroatien
equipedefrance,2155215398,stebe95339141,1542076570646581250,
equipedefrance,2155215398,Lowinn_89,1542075185066639361,
equipedefrance,2155215398,JackieM84850763,1542073071380885504,
equipedefrance,2155215398,caloux_off,1542075859129012224,
equipedefrance,2155215398,BakuluKonde,1542073380005974017,
equipedefrance,2155215398,quentin_bttps,1542075891039305729,"Indre-et-Loire, Centre"
equipedefrance,2155215398,thebigrat3,1542075389765369856,
equipedefrance,2155215398,MartinLoc3,890021391747231744,
equipedefrance,2155215398,xabi_gzl,1542074984918663170,
equipedefrance,2155215398,Shakzott,1542075385818513410,
equipedefrance,2155215398,zireg_ahmed,1541954210530476033,
equipedefrance,2155215398,isaben54,1542075098169057280,
equipedefrance,2155215398,kaoussoumane1,1542068007454887942,
equipedefrance,2155215398,RoDi0129,864799365646483456,Abidjan
equipedefrance,2155215398,HamisLwanga,1541872048997277698,
equipedefrance,2155215398,NsakalaRodrigue,1542074010946732039,
equipedefrance,2155215398,sekhri_oualid,1542074414669471745,
equipedefrance,2155215398,XooZz__,1542073525502152707,
equipedefrance,2155215398,CombeMika,1542072433338990592,
equipedefrance,2155215398,DelforgeAlessio,1542072861673807874,
equipedefrance,2155215398,y_mshj,1542069406888493056,
equipedefrance,2155215398,mohamediniho11,1542069460583972864,
equipedefrance,2155215398,Ced040803,1542071884988256258,
equipedefrance,2155215398,FCSochalien,1542069045058539521,Tribune Nord Sochaux 
equipedefrance,2155215398,Soumati2Mohamed,1465310786176303108,Alger                         
equipedefrance,2155215398,lividzeuh,1293372823080247297,
equipedefrance,2155215398,ErhanDzul7,1542067686980476928,
equipedefrance,2155215398,Conor_612,1542069539659210752,
equipedefrance,2155215398,hoangne02,1510630928502386689,
equipedefrance,2155215398,ApollineTalleux,1542069519191052290,
equipedefrance,2155215398,whoskcr19,1542059013415788544,Albania
equipedefrance,2155215398,LaidBac_th,1542068933842411521,
equipedefrance,2155215398,ThibaultPaulin8,1542070276107665408,
equipedefrance,2155215398,Seth47415278,1542071001009233920,
equipedefrance,2155215398,MoissonCandyce,1542070003327016961,
equipedefrance,2155215398,KejsiRukaj,1481277913639043072,
equipedefrance,2155215398,Mohamed__Bashow,1509490225302671366,
equipedefrance,2155215398,bainchelvyobami,1542069083251908613,
equipedefrance,2155215398,BardetNoe,1542070081336840199,
equipedefrance,2155215398,6Pierrick2,1541430029359452163,
equipedefrance,2155215398,LasuardiW,1492427409857347584,
equipedefrance,2155215398,noahbdrr,1542068252074983426,
equipedefrance,2155215398,ChouiebRami,1541926374230921224,
equipedefrance,2155215398,michelg2256704,1542065773077823489,ElfenbeinkÃ¼ste
equipedefrance,2155215398,BouillardEva,1020236533343899648,"Argentan, France"
equipedefrance,2155215398,TourIbr97017517,1542065996483141632,
equipedefrance,2155215398,HONEYBO92915315,1542061045308657666,
equipedefrance,2155215398,l_ori_s36,1542066187906990081,
equipedefrance,2155215398,akame_ryan,1542065280112857088,
equipedefrance,2155215398,Innobwoy14k,1542059036765523969,
equipedefrance,2155215398,Mohamed53331625,1541932584178941952,
equipedefrance,2155215398,KSTANGO5,1542065694564655105,
equipedefrance,2155215398,gaelle_givre,1542063591364468737,
equipedefrance,2155215398,BrandstatterVr1,1541908578512117765,
equipedefrance,2155215398,Bip_bip09,1542064161965883393,
equipedefrance,2155215398,Gggg83607783,1542065256876343296,
equipedefrance,2155215398,KilianCanniaux,1542065084876349441,
equipedefrance,2155215398,KuasaKuasa8,1542064619568652288,
equipedefrance,2155215398,lea_thionville,1542063239244222467,
equipedefrance,2155215398,pakani59,1542062604327292930,
equipedefrance,2155215398,LeroySa841,1542062791191941120,
equipedefrance,2155215398,Casfils1,1542061096353275904,
equipedefrance,2155215398,OmarBhar7,1476715317527293954,
equipedefrance,2155215398,cecilia_cerveau,1542061962447683584,
equipedefrance,2155215398,GjugjajSaranda,1542059320518516738,
equipedefrance,2155215398,DiopDiopmed94,1542060624942874626,
equipedefrance,2155215398,dasilvajnr01,1538923514379616258,
equipedefrance,2155215398,changyivlog,1542055138889633792,
equipedefrance,2155215398,MissanMatho,1354147643426021379,GuinÃ©e
equipedefrance,2155215398,Aminumuhammadde,1541890464571428865,
equipedefrance,2155215398,ThomasYendouko3,1542058687145148416,
equipedefrance,2155215398,WebAlex26,1542057999140790273,
equipedefrance,2155215398,Footballactuell,1539584161815699458,
equipedefrance,2155215398,Clubs_Infos,1542048882368172034,
equipedefrance,2155215398,njcoace,4739406377,ðŸ‡¦ðŸ‡·
equipedefrance,2155215398,Mamoudou7013733,1542052683191926786,
equipedefrance,2155215398,HamadAhmad202,1542056644061892609,
equipedefrance,2155215398,SchadrackPouge5,1542056389387997184,
equipedefrance,2155215398,3575Labraze,1542057849064398848,
equipedefrance,2155215398,oumarcoul1722,1542056895820734464,marcoussis
equipedefrance,2155215398,HugoFERRIERE1,1542057770912038914,
equipedefrance,2155215398,AfiyaHGB,1542055507279634432,
equipedefrance,2155215398,bourhanekayam,1542055593489403904,
equipedefrance,2155215398,baovudzvcl,1487622579108016130,
equipedefrance,2155215398,Este42B,1542056173062479874,
equipedefrance,2155215398,arseneamisi1,1542053754014507008,
equipedefrance,2155215398,hassane16304256,1542055522051956739,
equipedefrance,2155215398,AdaCama07307694,1542051067784994816,
equipedefrance,2155215398,tsbMNu2j6omjC5q,1431012694665089024,
equipedefrance,2155215398,es_max_,1454141950475612162,ðŸ‡«ðŸ‡·
equipedefrance,2155215398,KarimFatnassi11,1542054475992600577,
equipedefrance,2155215398,DimariaMeledje,1542054480446980096,
equipedefrance,2155215398,ilanlg,1542055583146205184,
equipedefrance,2155215398,Sammy46275039,1541743420233981952,
equipedefrance,2155215398,Apbdul1,1541778366373789696,
equipedefrance,2155215398,Merveillestamb3,1542053162403643393,
equipedefrance,2155215398,Ousmanek28,1542049416625983488,
equipedefrance,2155215398,Ibrahim56148552,1542045196833247236,
equipedefrance,2155215398,Marbachjp,1542051428767760385,
equipedefrance,2155215398,Npz256,960923786160824320,
equipedefrance,2155215398,PAGE978369959,1542051500440051714,
equipedefrance,2155215398,YoniGado,1542052222502051840,
equipedefrance,2155215398,Natempsv12,1542050826772004866,
equipedefrance,2155215398,MUKTARA79229930,1500202812638208000,
equipedefrance,2155215398,premji583578702,1542050621381025792,
equipedefrance,2155215398,finando_b,1542051075200540673,
equipedefrance,2155215398,EcladorSeet,1542047397144059906,Cameroon Buea
equipedefrance,2155215398,MPYANAheritier4,1542050140462227456,
equipedefrance,2155215398,iskandar_Gzzaar,1541905482599878656,
equipedefrance,2155215398,alizee72714503,1541333008564850690,
equipedefrance,2155215398,zozote34527,1542050787064532993,
equipedefrance,2155215398,lefebvreloic17,1541340992376377344,
equipedefrance,2155215398,lanigan_chefick,1542048755393888257,
equipedefrance,2155215398,elodie13006,1523947251353198592,"Rians, France"
equipedefrance,2155215398,DandakoyeRazak,1541610108500729856,
equipedefrance,2155215398,toto27230,314462071,"Haute-Normandie, France"
equipedefrance,2155215398,EBaloin,1542048196066779137,
equipedefrance,2155215398,elhay_hossam,1542046157819580416,
equipedefrance,2155215398,Laffor84,1537063236582916098,
equipedefrance,2155215398,Bobzer_56,1542048594580094976,
equipedefrance,2155215398,AnicetAnguilet,1542046746855018497,
equipedefrance,2155215398,TIIKOOL1,1542046191407570944,
equipedefrance,2155215398,Twingo39598178,1528783816919244801,
equipedefrance,2155215398,Ramatou86396913,1542045115736260609,
equipedefrance,2155215398,AAlbroff,1542045688057528320,
equipedefrance,2155215398,dia_akim,1479829612607770637,
equipedefrance,2155215398,Moustap10553906,1542043788377571328,
equipedefrance,2155215398,CissCis17069968,1540941843277529089,Frankreich
equipedefrance,2155215398,lubin_prsl,1542045331550093313,
equipedefrance,2155215398,LaherProd,1531884902454419456,
equipedefrance,2155215398,GreenWanderer3,1534793033849483264,
equipedefrance,2155215398,kingpreval,1542043715002421248,
equipedefrance,2155215398,Gatchaa93,1540491814532255745,
equipedefrance,2155215398,gilbertbedenes,1542043426371387393,
equipedefrance,2155215398,Traorem33036654,1542042628983853061,
equipedefrance,2155215398,Dani79392899,1542042706100326401,
equipedefrance,2155215398,duval75082936,1542043199887253505,
equipedefrance,2155215398,Nick84792065,1542041773379407873,
equipedefrance,2155215398,beuh_store2,1542042647476555777,France
equipedefrance,2155215398,iamola0001,1541853432771928064,
equipedefrance,2155215398,benskodu,1542041946331414532,
equipedefrance,2155215398,kvzco7,1542038136057987076,
equipedefrance,2155215398,CeceObed,1542039824978288642,
equipedefrance,2155215398,RyanHollever,1542039988636090370,
equipedefrance,2155215398,Hadr_1,368913647,"MÃ¼lhausen, Frankreich"
equipedefrance,2155215398,GideonA81204504,1491200097639616519,
equipedefrance,2155215398,Marvellouz27,1540125381239382016,
equipedefrance,2155215398,akhillaeus,1542036170149924864,
equipedefrance,2155215398,hamidoutwiter,1542037871959461888,
equipedefrance,2155215398,gabin_crl,1542038380049043456,
equipedefrance,2155215398,Gideon11584900,1538033697483628544,
equipedefrance,2155215398,moto_claver,1542034550620127235,
equipedefrance,2155215398,Hedd_myV_lone,1542032353694031873,
equipedefrance,2155215398,Saluva5,1539233096930844674,
equipedefrance,2155215398,IBRAHIM03353478,1542035563456434176,
equipedefrance,2155215398,ogedai2,1199739317989584896,
equipedefrance,2155215398,dydou_220,1542034886889988097,
equipedefrance,2155215398,kxite4,1542033611880284161,
equipedefrance,2155215398,SalahSa82432390,1502881539197227011,
equipedefrance,2155215398,Cannabis_store3,1542034504935669760,France
equipedefrance,2155215398,deng_willey,1542008488263667714,
equipedefrance,2155215398,MOUSSAiPhoneOf8,1542032380109668353,
equipedefrance,2155215398,LouisPapin5,1542034073048195072,
equipedefrance,2155215398,Maxilou14370,1542032532773953538,
equipedefrance,2155215398,Pouley_,1154838008660668418,
equipedefrance,2155215398,palukulameck2,1542031712078766085,
equipedefrance,2155215398,DiengoMichael,1542027560392990720,
equipedefrance,2155215398,JoelEbubu,1542028947990450177,
equipedefrance,2155215398,Hezzy88822929,1535980292539809792,
equipedefrance,2155215398,tactikfoot,1542030640513794050,
equipedefrance,2155215398,BaruchSamir,1491500185192734720,
equipedefrance,2155215398,NanaJores,1542026163559841797,
equipedefrance,2155215398,llodia018,1542027443757793283,
equipedefrance,2155215398,SolineGuillerm1,1512518299149606912,
equipedefrance,2155215398,DiopIsac,1542025156524228609,
equipedefrance,2155215398,Ibrahim38419738,1542024881906352128,
equipedefrance,2155215398,Erick41209334,1290757081268736000,
equipedefrance,2155215398,KrishnanunniMA3,1542021376969949184,"Kochi, Indien"
equipedefrance,2155215398,DDenval,1542026474882039811,
equipedefrance,2155215398,TiisetsoMabund1,1539627574871072769,
equipedefrance,2155215398,OduorJunior5,1492046384962355208,
equipedefrance,2155215398,jean_zanesi,1542023918566899715,
equipedefrance,2155215398,kevio05,1541946083668000771,
equipedefrance,2155215398,FeliciaMateta,1542025276380569600,
equipedefrance,2155215398,karel_hru,1542024317890105344,
equipedefrance,2155215398,Benjojo07,1542025200581083136,
equipedefrance,2155215398,phenix_oiseau,1542024313544507392,
equipedefrance,2155215398,MuhannaTaher,1444335046421356546,
equipedefrance,2155215398,RunnyDa,1542021278793715712,Buea
equipedefrance,2155215398,FranceOmeg4,1542023132734685184,
equipedefrance,2155215398,loge733978715,1519483410179411970,
equipedefrance,2155215398,KougangRose,1542022355492421634,
equipedefrance,2155215398,pattanatalang,1226395065838264327,à¸›à¸£à¸°à¹€à¸—à¸¨à¹„à¸—à¸¢
equipedefrance,2155215398,s7ven_savage,1542019106299383813,Ghana
equipedefrance,2155215398,AQIBCha80627846,1533758460394885122,
equipedefrance,2155215398,Nicolas25818579,1542020842921631746,
equipedefrance,2155215398,MODYTAMBASH,1473758285077655552,
equipedefrance,2155215398,Painaulait16,1542021445005578241,
equipedefrance,2155215398,Axelgomis2,1410175936696307716,
equipedefrance,2155215398,ElhadjiSengho15,1407238598433325058,SenegalðŸ‡¸ðŸ‡³ðŸ‡¸ðŸ‡³
equipedefrance,2155215398,JusteNioko1,1487160735214051328,
equipedefrance,2155215398,HassanKabebwa,1542017779141943296,
equipedefrance,2155215398,HaitiBts,1542019072291966980,Haiti
equipedefrance,2155215398,VasileFilip11,1525335046013476864,
equipedefrance,2155215398,AngelineHeuze,1536976059417210883,
equipedefrance,2155215398,craff22510,1542017122997620740,
equipedefrance,2155215398,KevinAndrsFore3,1371453652301398016,
equipedefrance,2155215398,SKISTIYAKALI,1541559374430482432,
equipedefrance,2155215398,Chypounethe,1542013978204831744,
equipedefrance,2155215398,iyotozz871,1542015021861027840,
equipedefrance,2155215398,horlarmhide912,1541874558118019073,
equipedefrance,2155215398,arthur_kuete,1542014200880533505,
equipedefrance,2155215398,chaffray1978,1542013295007260672,
equipedefrance,2155215398,RohanWest2,1541740234668314630,
equipedefrance,2155215398,g_remie34,1542010297430556675,
equipedefrance,2155215398,BouvierArlette,1331654088199704585,
equipedefrance,2155215398,chuchin29342223,1541235096698720257,
equipedefrance,2155215398,Mohamad_AL_KARI,1542009379167379457,
equipedefrance,2155215398,thecoolguy09284,1542011533705654273,
equipedefrance,2155215398,LasrumYare,1542008832351768577,
equipedefrance,2155215398,MichelMUBIAYI1,1542009881636618242,
equipedefrance,2155215398,BethPer82452016,1542009445873766401,
equipedefrance,2155215398,ChristFeutseu,1542006468723068928,
equipedefrance,2155215398,Anthony08204822,1542006513430151168,
equipedefrance,2155215398,Jorge877967942,1542004600819138561,
equipedefrance,2155215398,BrideMelanie1,1542007071029301248,
equipedefrance,2155215398,Ann03685860,1538015760886378497,
equipedefrance,2155215398,sarahfenzari,4724232315,"Paris, France"
equipedefrance,2155215398,riv_ob,1541985898232832000,
equipedefrance,2155215398,Crystal47690042,1542002815782260736,
equipedefrance,2155215398,LingardVoldi,1541998409493643265,
equipedefrance,2155215398,TopeNumber,1542001788609495040,
equipedefrance,2155215398,Laurent_Laurens,940211389515300864,Haiti
equipedefrance,2155215398,Glory78395948,1541998227406442497,
equipedefrance,2155215398,RonieOmolo,3379245981,
equipedefrance,2155215398,MakayePearl,1539858374954737664,
equipedefrance,2155215398,Winteris10,1417670126627790850,
equipedefrance,2155215398,Topper212000,1541998129771433984,
equipedefrance,2155215398,liyakathali06,1541998987422699521,
equipedefrance,2155215398,SandraH13869859,1541998378648625153,
equipedefrance,2155215398,saul30640603,1541899808268500998,
equipedefrance,2155215398,TammyCa64000233,1541996780711137280,
equipedefrance,2155215398,yasstelezazz,1541997350738186240,
equipedefrance,2155215398,GorditooC,1541995313426202629,
equipedefrance,2155215398,alaa8_eslam,1424511347274960915,
equipedefrance,2155215398,ClebersonHriss1,1541994858881196032,
equipedefrance,2155215398,Kyawteemkay,1284487158309347328,Yangon
equipedefrance,2155215398,FauzhanArdian,1507977305607397378,
equipedefrance,2155215398,LEOpapon11,1541993112163287041,
equipedefrance,2155215398,BOBLEPONGE963,47762110,
equipedefrance,2155215398,JuanD_Tkd,1541991859878248448,
equipedefrance,2155215398,haikinh80,1490212981505859584,
equipedefrance,2155215398,marwanmisse2005,1510439869151121413,
equipedefrance,2155215398,JulieKa28512314,1541990242525274112,
equipedefrance,2155215398,archadibrahim1,1541988979473514501,
equipedefrance,2155215398,HassanIbiro,1541987580752924673,
equipedefrance,2155215398,Sarawuttt123,1541323130865881088,
equipedefrance,2155215398,yepez2510,1540409626415489026,
equipedefrance,2155215398,ChristopheLogb1,1541985811440230403,
equipedefrance,2155215398,SunniMorefield,1541985324636717057,
equipedefrance,2155215398,lasso3040,489465623,Colombia
equipedefrance,2155215398,AbieloMendoza1,1541983084660379648,
equipedefrance,2155215398,davidsilva17__,1541982806015868929,
equipedefrance,2155215398,OmarNazra,1541982345674342400,
equipedefrance,2155215398,miguelv93585959,1541980954247548928,
equipedefrance,2155215398,Frederi89196295,1541981208334188544,
equipedefrance,2155215398,abdelkaderamr95,1509905563303481345,
equipedefrance,2155215398,minajojo81,1434549174339612683,
equipedefrance,2155215398,amine_ammiali,1394057818513289222,
equipedefrance,2155215398,izandems,789065684470927360,"Marseille, France"
equipedefrance,2155215398,Boubaca62333822,1541978823734034438,
equipedefrance,2155215398,ways60,1540902398893477890,
equipedefrance,2155215398,_diego_rs_,1541978241904381952,
equipedefrance,2155215398,blamo_hugo,1541978400126115840,
equipedefrance,2155215398,ShadoowRoyal,1541978578883153921,
equipedefrance,2155215398,CissYac68327353,1541978526966075392,
equipedefrance,2155215398,Waltz781185901,1540150350967181316,
equipedefrance,2155215398,S4kthugs,1541976922330206213,
equipedefrance,2155215398,CujcujHey,1520418497171533824,
equipedefrance,2155215398,EnochMukendi5,1541975702903443457,
equipedefrance,2155215398,lasserremarie22,1541973482875101185,"Paris, Frankreich"
equipedefrance,2155215398,Motripoli10,3383195530,
equipedefrance,2155215398,Camarasekoulami,2173952596,GuinÃ©e
equipedefrance,2155215398,esporteseherois,1541951195299909632,Brasilien
equipedefrance,2155215398,SamuelV36026602,1541972780303925248,"Valencia, Venezuela"
equipedefrance,2155215398,alassan98,1541973512134565888,
equipedefrance,2155215398,anaskadour096,1541971579327873026,
equipedefrance,2155215398,VolmarDavidson1,1541970988795142144,
equipedefrance,2155215398,Ousmane05771289,1541968749829537794,
equipedefrance,2155215398,KAdamamariame,1541967229398536194,
equipedefrance,2155215398,theomarab,1541968287533342721,
equipedefrance,2155215398,SeydouNiambele5,1541968684742221824,
equipedefrance,2155215398,MahammedSallah,1541961349084987392,
equipedefrance,2155215398,noufou_nacanabo,1541968123049529344,
equipedefrance,2155215398,jd0484451,1540684191855149058,
equipedefrance,2155215398,saodien_oumar,1541967572953956355,
equipedefrance,2155215398,AdrienSimonBeck,1541966657270300678,
equipedefrance,2155215398,LANCEYCONDE3,1541966641092755457,
equipedefrance,2155215398,AlanaSCCP1910,1541964056759877635,
equipedefrance,2155215398,dirty_x012,1541961567536824320,
equipedefrance,2155215398,CollyCedric,1537527314174681089,"MontrÃ©al, QuÃ©bec"
equipedefrance,2155215398,mhmdly40209715,1539342580114128896,
equipedefrance,2155215398,LabassaK,1541960865666289664,
equipedefrance,2155215398,Geovann77846880,1540194369067704321,
equipedefrance,2155215398,KaylaLy92095005,1541960989368717312,
equipedefrance,2155215398,bojambo365,1541960162998714368,
equipedefrance,2155215398,JustinKayembe9,1321302663456239616,
equipedefrance,2155215398,GabrielaArRo,1541272348489392128,
equipedefrance,2155215398,M14TAREK,1518337873619173376,
equipedefrance,2155215398,anwarzitouni5,1541960776809840641,
equipedefrance,2155215398,sosaaaz2,1541959444493438978,
equipedefrance,2155215398,MahendraRo,1440914916706164740,
equipedefrance,2155215398,ouattar27624224,1541957060979527680,
equipedefrance,2155215398,DaoudaC62969437,1541957745422868480,
equipedefrance,2155215398,haj_hanuuniye,1541950486529679360,
equipedefrance,2155215398,SGnansou,1243897558025592832,
equipedefrance,2155215398,Noinvalide,1541957708147990529,
equipedefrance,2155215398,Hasbullah_Amd14,1539183573106049024,"Kiaracondong, Indonesia"
equipedefrance,2155215398,SSA06SombieAmza,1541953947157528576,
equipedefrance,2155215398,Mohxmed__4kt,1541939831009419265,"Queens, NY"
equipedefrance,2155215398,pedrosantos0111,1541953733126303744,
equipedefrance,2155215398,mariana21242751,1541955647251554304,
equipedefrance,2155215398,saadbouhchich,1541955233055735808,Royaume du Maroc
equipedefrance,2155215398,puissancelyon,1541953630999306240,
equipedefrance,2155215398,thiamAboubaca17,1541947138288009217,
equipedefrance,2155215398,KhaledHafsaoui4,1495856834313433090,
equipedefrance,2155215398,DoumMoriba,830337750805147648,
equipedefrance,2155215398,ntp_oc,1541952132659654656,
equipedefrance,2155215398,balde_samakoun,1496131848753319944,
equipedefrance,2155215398,RobertDione4,1455566603798695946,
equipedefrance,2155215398,Nasso_cdr,1541949975566991361,
equipedefrance,2155215398,Milo_deChill,1477717970348646401,Monterrey 
equipedefrance,2155215398,diallo_mafara,1541947787876749313,
equipedefrance,2155215398,YahyaRa24015394,1541951275457183749,
equipedefrance,2155215398,Sulayma18986638,1537342272081170433,
equipedefrance,2155215398,Salem9927394738,1509660826508087299,
equipedefrance,2155215398,AzizChe05025763,1537146583619448834,
equipedefrance,2155215398,rywan_guichon,1541949962199748610,
equipedefrance,2155215398,Mouctar24383953,1541945677877477376,
equipedefrance,2155215398,LaMounance,1541947279803817984,
equipedefrance,2155215398,Maty273152601,1541947322942251009,
equipedefrance,2155215398,Doukouribrahim9,1541945171914399745,
equipedefrance,2155215398,ckpanaelle,1538635228952018944,
equipedefrance,2155215398,Barnabe32ze,1541941829049909250,
equipedefrance,2155215398,Benji785456901,1541948212893945856,
equipedefrance,2155215398,AlexsandroRosr2,1244297180468383745,
equipedefrance,2155215398,Fernand99913065,1444737580134768644,
equipedefrance,2155215398,BrahouaV,1541944356537618432,
equipedefrance,2155215398,WYDIOP,1541946197023379456,
equipedefrance,2155215398,NanemaArnaud1,1524455147098812417,
equipedefrance,2155215398,Reda33954120,1541836886372765696,
equipedefrance,2155215398,DominiqueBampo2,1541944876211863552,
equipedefrance,2155215398,DelkhassG,1541943009457102850,
equipedefrance,2155215398,Carlitos_unu,1541943047402962945,
equipedefrance,2155215398,Josephc04959226,1541945236338999298,
equipedefrance,2155215398,arthurbim5,1541942707261775872,
equipedefrance,2155215398,mamadibobo,1541935441317855232,
equipedefrance,2155215398,ewn54,1541945157649666049,
equipedefrance,2155215398,RicoKarko,1541943317742686208,ElfenbeinkÃ¼ste
equipedefrance,2155215398,Rodrig1Mordjim,1539176453920772098,
equipedefrance,2155215398,LoonsAce,1541943789136257024,
equipedefrance,2155215398,DieuPeutTout1,1541942202456236032,
equipedefrance,2155215398,ThiernoNdaw5,1541941666008932353,
equipedefrance,2155215398,SakaHassane,1541941924722008065,
equipedefrance,2155215398,Itsouyi01,1541942466298904576,
equipedefrance,2155215398,Ryan07067646,1159442172837617666,
equipedefrance,2155215398,ABDURAH45479202,1536218820087627777,
equipedefrance,2155215398,AminouAboudoul,1541940095133126657,
equipedefrance,2155215398,RHarboux,1541929340799164418,Frankreich
equipedefrance,2155215398,togola32943193,1541940120902897665,
equipedefrance,2155215398,AshleyS29970037,1541939212437655554,
equipedefrance,2155215398,AbdelwahebZaye1,1541939719805837314,
equipedefrance,2155215398,KhawulaMlungisi,1512984654277664774,
equipedefrance,2155215398,juniora_ms,1537043871053537280,
equipedefrance,2155215398,akaffou_maxime,1541936943033901056,
equipedefrance,2155215398,BabacarCheikhN7,1541938135654928386,
equipedefrance,2155215398,atmbiopro,888670392226676736,Global 
equipedefrance,2155215398,ApsolyP,1320472960495476737,
equipedefrance,2155215398,PaleJonas2,1537804999614398465,
equipedefrance,2155215398,thepro_ophet,1541934211220783107,
equipedefrance,2155215398,papando76514802,1541936159689003008,
equipedefrance,2155215398,J_mel212,1541934994548989952,
equipedefrance,2155215398,opoku5779,1541933811889541121,
equipedefrance,2155215398,AbelKpazai,1541934190870102016,
equipedefrance,2155215398,NatalieLegare9,1541934317311508482,
equipedefrance,2155215398,AAFADYdz,1405210785136230401,BÃ©jaÃ¯a                        
equipedefrance,2155215398,IbrahimaDADial1,1326423784509886464,
equipedefrance,2155215398,KPARISIEN2,1541934232876056576,
equipedefrance,2155215398,Ahmed27216,1541182770659164161,
equipedefrance,2155215398,Sh_Tidiane,1541932596325670913,Senegal
equipedefrance,2155215398,ntet_patrick,1541929162021167105,
equipedefrance,2155215398,Alybada48339650,1541932463466971136,
equipedefrance,2155215398,LarbreAymeric,1541932902379831301,
equipedefrance,2155215398,alooo_fer,1541762498763919360,
equipedefrance,2155215398,ElHasse17,1541930022361075724,
equipedefrance,2155215398,dianemousto23,1492898767540002816,
equipedefrance,2155215398,HassanEsrogy,1444457867625521155,
equipedefrance,2155215398,BourgeaisSimon,1541932232264323072,
equipedefrance,2155215398,Soulcfaoff,1541929236579188745,
equipedefrance,2155215398,SekSll,1541929793209470982,
equipedefrance,2155215398,merja_unejs,1541930680111845376,
equipedefrance,2155215398,zrarfi,1541930673178648576,
equipedefrance,2155215398,BilalHassaneAb1,1541929861069037571,
equipedefrance,2155215398,saydramatique,1539697892033798151,
equipedefrance,2155215398,bensadje2,1541927712096489472,
equipedefrance,2155215398,_mayou_17,1541928951588716544,
equipedefrance,2155215398,LeS8758,1541929671750815744,
equipedefrance,2155215398,mawa_samuel2,1541926801823436803,
equipedefrance,2155215398,Turo55045079,1541928148778061828,
equipedefrance,2155215398,DourraMohamed,1541928286279843841,
equipedefrance,2155215398,clementgth33,1533845431637225473,
equipedefrance,2155215398,a41916609,1541925128069685248,
equipedefrance,2155215398,Atarrobase,1541928305884123137,
equipedefrance,2155215398,DominicAppiagy2,1541925768866955266,
equipedefrance,2155215398,GlodiNiokabagal,1541924328857632769,
equipedefrance,2155215398,joselop34853479,1536894202797334528,
equipedefrance,2155215398,skanderkadri2,1532004163101642755,
equipedefrance,2155215398,wakandafureva,1541911807744434178,
equipedefrance,2155215398,RocheWaga,1541921683136724992,
equipedefrance,2155215398,Vc9Pa,1541925561324421120,
equipedefrance,2155215398,CamaraM89959577,1541924133436547074,
equipedefrance,2155215398,mot_niang,1541924770786250752,
equipedefrance,2155215398,juniorDessalin3,1541924104265240577,"Haiti,c lercine 14  tabarre"
equipedefrance,2155215398,PajeanWg,1541923600458031105,
equipedefrance,2155215398,AhmadDaniIrwan2,1538604480446754816,
equipedefrance,2155215398,gvnh_p,1536568077814575105,
equipedefrance,2155215398,melsen225,1541228010262728704,
equipedefrance,2155215398,Lignegagner,1541922244884156417,
equipedefrance,2155215398,Alex21762035,1110522082230710272,
equipedefrance,2155215398,Gatien06,1541922293701611521,
equipedefrance,2155215398,TheObed_,1467317130601418753,
equipedefrance,2155215398,bayemodou_n,1541921390256955393,
equipedefrance,2155215398,Bambafepp10,1541892676198584320,
equipedefrance,2155215398,Escanor45553672,1541918385591799808,
equipedefrance,2155215398,AzezTounsi,1541920197270986756,
equipedefrance,2155215398,Stephenjf4,754440729154420736,"Pennsylvania, USA"
equipedefrance,2155215398,_DonChuks_,1540104594390487042,
equipedefrance,2155215398,iimade854,1541919758563639296,
equipedefrance,2155215398,Adiablanche16,1541917847814823936,"Centre, Cameroon"
equipedefrance,2155215398,SamouZine129,1526042118359240704,
equipedefrance,2155215398,Xavyy06,1541918754636025859,Mexiko
equipedefrance,2155215398,soyalicia18,1540819182178258946,
equipedefrance,2155215398,sidibeyoul93,1541917499477954561,
equipedefrance,2155215398,georges_marc7,1541916519705284608,
equipedefrance,2155215398,daken62800,1541917429885968385,
equipedefrance,2155215398,adam_secula,1541916666640089092,
equipedefrance,2155215398,felip_Roma,1541884691422363648,
equipedefrance,2155215398,akangason90,1541915235388461056,
equipedefrance,2155215398,VladutzNxs,1541917596005572608,
equipedefrance,2155215398,hayou_adamou,1541915505283457026,
equipedefrance,2155215398,RonginoSabiiti,1541915101644689408,"Kabale, Uganda"
equipedefrance,2155215398,667lnx,1541909193556459520,
equipedefrance,2155215398,ismailamignanes,1541914202125864960,
equipedefrance,2155215398,CaliWee59433587,1541915634535211009,
equipedefrance,2155215398,KassemMaryeme,1541914054859554816,
equipedefrance,2155215398,Kiirby98,1541914565436481538,
equipedefrance,2155215398,Lounacost9,1541914214469615618,
equipedefrance,2155215398,mk_khoza22,1536399126346219526,
equipedefrance,2155215398,MoukimouMourana,1530195933077676039,
equipedefrance,2155215398,Manon_8_9,1541912123038736384,
equipedefrance,2155215398,_sabridz,1541389599628468235,
equipedefrance,2155215398,GuilllouA,1541912186892738560,
equipedefrance,2155215398,KimKurnia6,1541910423104294912,
equipedefrance,2155215398,awalkoroney3,1541908400031891458,
equipedefrance,2155215398,CorreWilson1,1541908868237873152,
equipedefrance,2155215398,pitte121691441,1541910919923507200,
equipedefrance,2155215398,HCTORVS4,1536011242573287429,
equipedefrance,2155215398,ModouSe13356930,1541906025569189890,
equipedefrance,2155215398,lemec_chelou,1436752289620955138,
equipedefrance,2155215398,BrioleAllan,1541909739227029504,
equipedefrance,2155215398,noe_oyombi,1534352969046556672,
equipedefrance,2155215398,clndetp,1541902522645942282,"Marseille, France"
equipedefrance,2155215398,RLeproff,1541908878690062338,
equipedefrance,2155215398,duvansanchezba1,1507927676186771464,
equipedefrance,2155215398,JustFaFootball,1541907214826348550,
equipedefrance,2155215398,imadMed60459080,1541908040433139719,
equipedefrance,2155215398,Maissa_19d,1541907909470298117,
equipedefrance,2155215398,AmadouB11804808,1513531758880464910,
equipedefrance,2155215398,Nizamenkangoo,1541908545280659458,
equipedefrance,2155215398,akorede16_sodiq,1541907330077528064,
equipedefrance,2155215398,krams74,1541906356596314113,
equipedefrance,2155215398,camille25_,1538735981960081408,
equipedefrance,2155215398,Fayza_bms,1541907168659644417,
equipedefrance,2155215398,HernaniFonseca4,1359915788317192199,FamÃµes.. Portugal
equipedefrance,2155215398,AvdijaSZN,4469050535,
equipedefrance,2155215398,OuryAhma,3647354783,
equipedefrance,2155215398,Lotab14,1541905680709320705,
equipedefrance,2155215398,amoursmesetoile,1541906195245588482,
equipedefrance,2155215398,GoncaloCC_,1541904837268443137,
equipedefrance,2155215398,Eleazar97090324,1538317013667483649,
equipedefrance,2155215398,faybr131,1541904246680985600,
equipedefrance,2155215398,DKesentini,1541904757190787072,
equipedefrance,2155215398,SozaJoseph,2446701519,Zambia 
equipedefrance,2155215398,AdrianS16968923,1541905428761776130,
equipedefrance,2155215398,Michael68095191,1540876875505041409,
equipedefrance,2155215398,GaodryDavid,1541902875441389568,
equipedefrance,2155215398,SabriElorf,1538943103041773569,
equipedefrance,2155215398,SaliSouleymano6,1541903623738859522,
equipedefrance,2155215398,KarenJo65749420,1541903781973090307,
equipedefrance,2155215398,FranckMba19,1541903062742319109,
equipedefrance,2155215398,Leachipie15,1535208273166622720,
equipedefrance,2155215398,AngelaH32479928,1541902759846354949,
equipedefrance,2155215398,DylanMartnezMu1,1541561526062141441,"AlcalÃ¡ de Henares, Spanien"
equipedefrance,2155215398,ltwjose0910,1541903803771158528,
equipedefrance,2155215398,f_orlvn_,1501814096332795904,
equipedefrance,2155215398,SilasMeliki,1459806179018911745,
equipedefrance,2155215398,NarimNarim6,1541873308911554560,
equipedefrance,2155215398,Davidlu73306090,1541903102584012801,
equipedefrance,2155215398,PalmaYedinson,1300826879566503937,
equipedefrance,2155215398,_fraannvirlaan_,1541899369091416064,"CÃ¡diz, Spanien"
equipedefrance,2155215398,riezmuriel1,1541899387982446594,"Tours, Frankreich"
equipedefrance,2155215398,YbZakari,1541902363425996802,
equipedefrance,2155215398,f_touihri,1541902313366994944,
equipedefrance,2155215398,Anonymous64214,1541901138391453701,
equipedefrance,2155215398,Mamadou50875732,1541752248606285825,
equipedefrance,2155215398,momopisco,3349478416,Dakar
equipedefrance,2155215398,tarek_lahh,1367798119463796737,Montpellier 
equipedefrance,2155215398,Abdelrh14360508,1541899708204990467,
equipedefrance,2155215398,marasougou1,1541900245738655746,
equipedefrance,2155215398,oumarca48770801,1541896953109291008,
equipedefrance,2155215398,CheikhF65950414,1489949999467270149,
equipedefrance,2155215398,MukTadius,1541896309770260481,
equipedefrance,2155215398,Facescar212,1541900490597961730,
equipedefrance,2155215398,Romeong01,1541899775737470976,
equipedefrance,2155215398,L_ea0810,1541898721046237186,
equipedefrance,2155215398,giussepecadura2,1541895235587940355,
equipedefrance,2155215398,baaco2,1541898231667466245,
equipedefrance,2155215398,Drasko_Arn,1541899133182689280,
equipedefrance,2155215398,FRANCKM82002065,1541513365754986504,
equipedefrance,2155215398,muuuhamedfadel,1541897264112828416,
equipedefrance,2155215398,bgbgaxaumax,1541898360550051843,
equipedefrance,2155215398,Jadolapinojad,1474048442372698123,"Paris, France"
equipedefrance,2155215398,Victor99acosta,1541897005630357505,
equipedefrance,2155215398,voltor_ytb,1541897649116307457,
equipedefrance,2155215398,MLk_FREZZ,1541895524105822208,
equipedefrance,2155215398,D35249157saliou,1541897336053530625,
equipedefrance,2155215398,DaquinTuyo,1541896019578916871,
equipedefrance,2155215398,Noah95v,1541895685867536385,
equipedefrance,2155215398,BarryMocktar,1541875125808766977,
equipedefrance,2155215398,Sidar_algz,1541895807187779584,
equipedefrance,2155215398,LisaJag80356752,1538869053632151554,
equipedefrance,2155215398,MrcioCos14,1534578125627072512,
equipedefrance,2155215398,yousra_fourti,1494745623358226435,
equipedefrance,2155215398,Michele86047708,1537384807730237441,"Bari, Apulien"
equipedefrance,2155215398,kazurox,1541892000387047427,
equipedefrance,2155215398,Mlanie820251931,1541895266189688835,"France,toulonðŸ‡«ðŸ‡·ðŸ‡«ðŸ‡·ðŸ‡«ðŸ‡·ðŸ‡«ðŸ‡·"
equipedefrance,2155215398,Ousmane42790297,1536006917025308673,Guinea
equipedefrance,2155215398,valeryanger,2619620860,"Hauts-de-Seine, Ile-de-France"
equipedefrance,2155215398,Mohamed13434933,1541893418137313280,
equipedefrance,2155215398,AliNdao18,1541895410264023044,
equipedefrance,2155215398,josscot12894743,1541894315777089539,
equipedefrance,2155215398,AD17___,1366565240197050370,
equipedefrance,2155215398,Dylan_Aime69,1541892243522478082,
equipedefrance,2155215398,MirandaSky3,1541888513670615042,
equipedefrance,2155215398,L_absolu_boss,1541891451163971603,
equipedefrance,2155215398,olamilekan_700,1511403462701035525,"Lagos, Nigeria"
equipedefrance,2155215398,nnadiquonan,1541893696886538241,Equatorial Guinea
equipedefrance,2155215398,Killian_lg7,1541891673382424577,
equipedefrance,2155215398,3hMatata,1541893014162997248,
equipedefrance,2155215398,bae_smoke29,1541892095677530113,
equipedefrance,2155215398,pechnathangab,1541891528091639809,
equipedefrance,2155215398,suhaib_shweiki,1541892336501854210,
equipedefrance,2155215398,easy03815868,1541892888837201920,
equipedefrance,2155215398,wggj2xfdcw,1541893135973994496,
equipedefrance,2155215398,Lusko91,1541892418508931075,
equipedefrance,2155215398,MouissatSofian2,1541890201655644160,
equipedefrance,2155215398,dravieetsey,1530474867174301696,
equipedefrance,2155215398,yansko0,1541891079385006082,
equipedefrance,2155215398,SaliouG28400432,1537526539016982535,
equipedefrance,2155215398,MinyamIsmael,1535023654475636736,
equipedefrance,2155215398,AnthonyFleury49,1541890126820802568,
equipedefrance,2155215398,ChrysGogbeu,1541888029538787333,
equipedefrance,2155215398,ENdiros,1541887807484006400,
equipedefrance,2155215398,chloe_ossant,1541889803863605254,
equipedefrance,2155215398,legrand_vivi,1541889834112933891,
equipedefrance,2155215398,Chaysi_es,1541889886336196616,
equipedefrance,2155215398,PaulAfoko1997,1541762455986216961,
equipedefrance,2155215398,CamilleGiron12,1541888012103155713,
equipedefrance,2155215398,KarimMonnez,1541889622417997827,
equipedefrance,2155215398,MaTT_97245,1541889400384143361,
equipedefrance,2155215398,DonkohRichy,1541880235985178629,
equipedefrance,2155215398,clement63781302,1541887570833035268,
equipedefrance,2155215398,KilianAndrault,1541888886472851458,
equipedefrance,2155215398,GRANGERThophil1,1541887774005121024,
equipedefrance,2155215398,mc_mohmmed,1492027324195348480,
equipedefrance,2155215398,tchervenkv1,1541887543884537856,
equipedefrance,2155215398,Raygad0677,1541887681873035265,
equipedefrance,2155215398,CamachoJC09,1487566651700744195,
equipedefrance,2155215398,MsafiriRashidi8,1501624153564139520,
equipedefrance,2155215398,mehdiezz7,1539341451678588930,
equipedefrance,2155215398,StephanieOlbe11,1541884972365221888,
equipedefrance,2155215398,iba_kanteye,1541886631564681217,
equipedefrance,2155215398,AlaghbariMoham4,1541538260975058946,
equipedefrance,2155215398,emilienhtr,1540022830242435073,
equipedefrance,2155215398,arnaudbastia,54860544,
equipedefrance,2155215398,EddieDa49835373,1541813549747535872,
equipedefrance,2155215398,Obi_wankenobi10,1539809421328621569,
equipedefrance,2155215398,NgAfVK4k22Agdk9,1541885637250453504,
equipedefrance,2155215398,AmarMecelti,756138436747202560,Souk Ahras                    
equipedefrance,2155215398,BryanCieslik,1541885017671991297,
equipedefrance,2155215398,kelion_m,1541883659615084545,
equipedefrance,2155215398,EkeiboM,1541883440697679873,
equipedefrance,2155215398,AshotHagopian,1541878112274812928,
equipedefrance,2155215398,BAbdaljabar,1541883280500350979,
equipedefrance,2155215398,Ghislai57099811,1533091079339360256,
equipedefrance,2155215398,Mertens2022,1541883767417102339,
equipedefrance,2155215398,quentinhiooo,1541882907945582592,
equipedefrance,2155215398,falcin_mylan,1541353485471547394,
equipedefrance,2155215398,MeliCyrille13,1541838176775454721,
equipedefrance,2155215398,Iboukunl,1541882510530969603,
equipedefrance,2155215398,Aurore_AJGV,967519794055598080,"Saint-Claude,Guadeloupe,France"
equipedefrance,2155215398,mxn92230,1541882022439837697,
equipedefrance,2155215398,kingjoy12411,1538889177651200004,
equipedefrance,2155215398,zlatanou67,1541794385263841280,
equipedefrance,2155215398,Morwan52677510,1541879787148517377,
equipedefrance,2155215398,DialloNamakan,1541881044030439427,
equipedefrance,2155215398,SoumBarcelonais,1541879376714817537,
equipedefrance,2155215398,Chadha_odks,1541879476296028161,
equipedefrance,2155215398,JuliienLbrn,1541867736568954880,Nancy
equipedefrance,2155215398,_g7ux,1541879975304904705,
equipedefrance,2155215398,arazo77787536,1541878829219708931,
equipedefrance,2155215398,Enzoj_10,1541880244726075396,
equipedefrance,2155215398,abousaa86975759,1541876824581586945,
equipedefrance,2155215398,RogerFrdric,1541880013947125761,
equipedefrance,2155215398,Felicia78328337,1541878374712233985,
equipedefrance,2155215398,TheresaFelipe1,1541877538644951040,
equipedefrance,2155215398,an7oninho_16,1541878296132173835,
equipedefrance,2155215398,AdamaSadio11,1541877833131331588,
equipedefrance,2155215398,BDias98,1381768319678681090,"Lissabon, Portugal"
equipedefrance,2155215398,e_laumondais,1541878677444743168,
equipedefrance,2155215398,tadjo04,1540730115465682946,
equipedefrance,2155215398,GuillonLuca,1541877391248838656,
equipedefrance,2155215398,AlfrjanySalhyn,1538111564967968769,
equipedefrance,2155215398,richieways123,1502397179205505024,
equipedefrance,2155215398,Alexand36247235,1541878244869378049,
equipedefrance,2155215398,masta49233304,1541876889958002688,
equipedefrance,2155215398,Yol_Gro,1541874227762135040,
equipedefrance,2155215398,AlejandroSun6,1541871834639044608,
equipedefrance,2155215398,o_malangol,1541876205183504386,
equipedefrance,2155215398,Fanmtp13,1541877184972918793,
equipedefrance,2155215398,RemonteeAsso,1541874265024303104,
equipedefrance,2155215398,MedaMinzi,1537147234663415809,
equipedefrance,2155215398,KyalwahiAnselme,1541875375319433216,
equipedefrance,2155215398,lucas_sorin7,1541875115247521792,
equipedefrance,2155215398,MORELGauthier5,1541876446808907776,
equipedefrance,2155215398,urives_andres,1485335501213253638,
equipedefrance,2155215398,SabinLionel,1541874384415105024,
equipedefrance,2155215398,CharlopeauC,1541875534350655493,
equipedefrance,2155215398,enzoinsfran11,1541230779207909382,LambarÃ© - Paraguay 
equipedefrance,2155215398,Jejechafel77,1541875189105008642,
equipedefrance,2155215398,Andrei_stefan19,1541874871151562754,
equipedefrance,2155215398,cfoyd1,1541874927049101312,
equipedefrance,2155215398,soufianKING10,1541872815376371718,
equipedefrance,2155215398,zbanda9louch00,1541872653895712768,
equipedefrance,2155215398,Aluisiodj,1536550013337321472,
equipedefrance,2155215398,gi_vosi,1541874172602859521,
equipedefrance,2155215398,Armand__07__,1541873210647609347,
equipedefrance,2155215398,LolyFNX9,1521861630249820160,
equipedefrance,2155215398,plt_lilie,1541873293799596033,
equipedefrance,2155215398,YAYACAM16956756,1474388093176274951,
equipedefrance,2155215398,kvvVv33,1514471716155658242,
equipedefrance,2155215398,sami_chaabouni,1541873171040796675,
equipedefrance,2155215398,hsgskdbghdjdkr1,1541872008979529728,
equipedefrance,2155215398,ZaneAlo,1455239522820804610,"Ohio, USA"
equipedefrance,2155215398,great_seye,1541872154693844996,
equipedefrance,2155215398,feelllooo,1541872543929434113,
equipedefrance,2155215398,Estelle89533959,1541871551880069120,
equipedefrance,2155215398,kelahninhia,1541859326620483584,Martinica 
equipedefrance,2155215398,HarolGardel33,1486278276247166976,
equipedefrance,2155215398,TheoHavet2,1541871722877657088,
equipedefrance,2155215398,AhmedTarek1848,1541871174480789508,
equipedefrance,2155215398,TraorMo61964294,1541871868197707778,
equipedefrance,2155215398,AntoineMornacco,1541870893076553729,
equipedefrance,2155215398,juniorsarr502,1541870045415997440,
equipedefrance,2155215398,YMoustaphinho,1541869421110722560,
equipedefrance,2155215398,AyoubAarouss,1541538439841062912,
equipedefrance,2155215398,DrumsAser,1541870069386452992,
equipedefrance,2155215398,spicy_caleb,1541869865908281348,
equipedefrance,2155215398,DimitriLemire3,1541870588100222976,
equipedefrance,2155215398,charlotte59006,1541870495624298496,
equipedefrance,2155215398,VinceChaze,1541870059462836230,
equipedefrance,2155215398,actu_club1,1541869474252558338,
equipedefrance,2155215398,Ivansteve15,1541867847336579073,
equipedefrance,2155215398,EthanMoran2009,1541869634785353729,
equipedefrance,2155215398,alhassanbody,1541849636314423298,
equipedefrance,2155215398,haysleane1,1541869451808804864,
equipedefrance,2155215398,Nassimyahi6,1541403786614300674,
equipedefrance,2155215398,patte_obeur,1541869044361486336,
equipedefrance,2155215398,BenjaminCaille3,1541868660649779200,
equipedefrance,2155215398,Luniversdelinf1,1541868978225782785,
equipedefrance,2155215398,SylvieMantion,1541869949358063623,
equipedefrance,2155215398,cHLoe_576,1451857782324486145,Neptune 
equipedefrance,2155215398,HouriaBenlarbi,1541869436432515074,
equipedefrance,2155215398,Jeremia08_,1541866634125746179,
equipedefrance,2155215398,Elthekikin1621,1528418684674375680,
equipedefrance,2155215398,mejdi_ridha,1541868109392388102,
equipedefrance,2155215398,Guindofousseyn2,1541868235829776384,
equipedefrance,2155215398,VieuxTr09764938,1541866499534716930,
equipedefrance,2155215398,elisemarques99,1497031450637578240,"Santos Dumont, Brasil"
equipedefrance,2155215398,Leyou971,1541868022557822979,
equipedefrance,2155215398,TheoBuathier1,1405988577058639875,
equipedefrance,2155215398,DGuidley,1038251671426658305,FranzÃ¶sisch-Guayana
equipedefrance,2155215398,forlan_mbengui,1541865921035345925,
equipedefrance,2155215398,MoussaSocra,1541867094735831047,
equipedefrance,2155215398,muntala58967395,1541848353310474247,
equipedefrance,2155215398,alhaj_jwd,1541829614053588994,
equipedefrance,2155215398,OtarolaSolano,4691880390,
equipedefrance,2155215398,PNjeunou,1541866351073042435,
equipedefrance,2155215398,Mickalle85,1541864866532802560,
equipedefrance,2155215398,DjoumaB72313387,1541866071271030785,
equipedefrance,2155215398,Asirifi83667257,1540744556815060992,
equipedefrance,2155215398,adinc6874,1541865298407604232,
equipedefrance,2155215398,IsaacMuneeza,1541864411450703876,
equipedefrance,2155215398,DiamondFousseni,1541835822294605831,
equipedefrance,2155215398,Milenkokovacev6,1529764861563047938,
equipedefrance,2155215398,AslamBuhendwa,1541864976855474176,
