account_name,account_id,follower_username,follower_id,follower_location,follower_created_at
England,1903382054,Seand0ver,1542528678260871168,,2022-06-30 15:21:47+00:00
England,1903382054,em_donnie,1542528983954141188,,2022-06-30 15:23:01+00:00
England,1903382054,AlexCha65282242,1542528468902199296,,2022-06-30 15:20:54+00:00
England,1903382054,GERBRAMNDSOLUT1,1539384606432043008,CANADA,2022-06-21 23:08:14+00:00
England,1903382054,E_NduGoeieman,2445858283,Planet Earth,2014-04-15 18:58:45+00:00
England,1903382054,eric_dierisgoat,1542527825600598016,,2022-06-30 15:18:00+00:00
England,1903382054,MaximumOj,1542523154970488832,,2022-06-30 15:00:01+00:00
England,1903382054,JoshRob63811550,1458712737903783938,,2021-11-11 08:26:48+00:00
England,1903382054,JrMawuna,1414359977276358661,,2021-07-11 23:04:53+00:00
England,1903382054,Micheal17936569,1204307655545753600,,2019-12-10 07:51:46+00:00
England,1903382054,DevineMerit,1542527945444495361,,2022-06-30 15:18:40+00:00
England,1903382054,kimou_had,1542526872092741632,,2022-06-30 15:14:23+00:00
England,1903382054,CHRISTO95814173,1542525887882481667,,2022-06-30 15:10:48+00:00
England,1903382054,Maestro76884730,1542520090091851780,,2022-06-30 14:47:36+00:00
England,1903382054,Yetop4real,300848706,nigeria,2011-05-18 13:22:30+00:00
England,1903382054,MH4dng,1542519998270173190,,2022-06-30 14:48:10+00:00
England,1903382054,AHMED179075,1542524152422092806,,2022-06-30 15:03:33+00:00
England,1903382054,j48742667,1313853075145273347,,2020-10-07 14:46:20+00:00
England,1903382054,MarcMouawad4,1542525309496557568,,2022-06-30 15:08:17+00:00
England,1903382054,Douglas57985254,1542490477336973312,,2022-06-30 12:49:32+00:00
England,1903382054,KaluPrincel,1542523284922650624,,2022-06-30 15:00:14+00:00
England,1903382054,Zach_BHA,1542520417360809988,,2022-06-30 14:48:29+00:00
England,1903382054,HeidiDa44200055,1542525510852366340,,2022-06-30 15:08:49+00:00
England,1903382054,mhmdnaj84849105,1539610674665512960,"El Qaliobia, √Ñgypten",2022-06-22 14:06:57+00:00
England,1903382054,Mahmoud90752719,1542526392780218368,,2022-06-30 15:12:17+00:00
England,1903382054,LekhuNeo,1541502949909741568,,2022-06-27 19:25:38+00:00
England,1903382054,slahalfakhry3,1540767169474174976,,2022-06-25 18:41:49+00:00
England,1903382054,Tapha92860983,1542523943990349827,,2022-06-30 15:02:39+00:00
England,1903382054,LivAE97,1542521734523326464,,2022-06-30 14:53:40+00:00
England,1903382054,kylo9736,1542524348812369920,,2022-06-30 15:04:16+00:00
England,1903382054,usmansulaimon97,1542526158352154625,,2022-06-30 15:12:21+00:00
England,1903382054,so_saliou,1540792590982795265,,2022-06-25 20:23:12+00:00
England,1903382054,Ike_cofy,1542523411464720385,,2022-06-30 15:01:05+00:00
England,1903382054,Kaycook0071,1137272094142734336,,2019-06-08 08:16:11+00:00
England,1903382054,________25e,1537540936351219714,,2022-06-16 21:01:48+00:00
England,1903382054,FoundryandFab,1542525854529425409,UK,2022-06-30 15:10:15+00:00
England,1903382054,MarysaMonica,1536329133197754368,,2022-06-13 12:46:25+00:00
England,1903382054,MosesDerilee,1542523773428965383,,2022-06-30 15:02:35+00:00
England,1903382054,matthewrich_7,1542524426696110080,,2022-06-30 15:04:38+00:00
England,1903382054,reito_3310,1518552648617967616,Á•ûÂ•àÂ∑ùÁúå,2022-04-25 11:29:06+00:00
England,1903382054,Nanshan42344935,1542525488257675265,,2022-06-30 15:08:36+00:00
England,1903382054,Nicolamary621,1542523448324673537,,2022-06-30 15:00:31+00:00
England,1903382054,SamuelUzomah2,1542525013407854592,,2022-06-30 15:06:55+00:00
England,1903382054,amsco95698006,1542523786158673921,,2022-06-30 15:02:12+00:00
England,1903382054,SHEMON011,1542520889098416135,,2022-06-30 14:50:57+00:00
England,1903382054,jaacobbwfc,1487912085623386117,,2022-01-30 22:14:47+00:00
England,1903382054,RaymondOnwaeze,1541338620908519427,,2022-06-27 08:35:28+00:00
England,1903382054,Scran_FC,1542523585259982851,,2022-06-30 15:01:22+00:00
England,1903382054,BazengaKamesh,1414796778126331904,,2021-07-13 04:00:52+00:00
England,1903382054,charisma939,1446739814775152649,Nigeria,2021-10-09 07:31:32+00:00
England,1903382054,rebsonmwaipopo1,1508484002059071495,Mbeya- Kyela,2022-03-28 16:40:06+00:00
England,1903382054,GingerBen21,1542523353264623618,,2022-06-30 15:00:15+00:00
England,1903382054,izhan_thanes,1542522359789146114,,2022-06-30 14:56:26+00:00
England,1903382054,Bobulas13,1542520597602656257,,2022-06-30 14:49:16+00:00
England,1903382054,ZanieQmoshie,1534594240080187392,"Coventry, United Kingdom ",2022-06-08 17:52:47+00:00
England,1903382054,MahawaKallon,1542523127732662274,,2022-06-30 15:00:08+00:00
England,1903382054,Pniarosa,1542514291454406656,"Kota Palembang, Sumatera Selat",2022-06-30 14:25:08+00:00
England,1903382054,1bad_dikki,1542522219758161923,,2022-06-30 14:55:44+00:00
England,1903382054,AryanNoman3,1542522861348212737,,2022-06-30 14:58:23+00:00
England,1903382054,KanduluPrince,1356509914030628866,currently in Lilongwe,2021-02-02 07:49:19+00:00
England,1903382054,AgyemangPlc,1542521414263050241,,2022-06-30 14:52:44+00:00
England,1903382054,Jake04748389,1542521666101604353,,2022-06-30 14:53:30+00:00
England,1903382054,Alex848462681,1488234398445146121,United Kingdom,2022-01-31 19:35:13+00:00
England,1903382054,TaboneGabriel,1542520537456336896,,2022-06-30 14:49:30+00:00
England,1903382054,SamanthaDeaki22,1542521788726358017,,2022-06-30 14:54:33+00:00
England,1903382054,LeuzKane,1542522332345823237,,2022-06-30 14:56:15+00:00
England,1903382054,TiboGosselin,1542521660124778496,,2022-06-30 14:53:35+00:00
England,1903382054,66817533340,2544346512,,2014-06-03 21:36:34+00:00
England,1903382054,sousinha2609,1542522877064257540,,2022-06-30 14:58:29+00:00
England,1903382054,AZZEDDINEMK1,1542521776579543042,,2022-06-30 14:54:14+00:00
England,1903382054,AkamzySilver,1542520634785206274,,2022-06-30 14:49:39+00:00
England,1903382054,JohnshajioT,1265707709757902848,,2020-05-27 18:13:41+00:00
England,1903382054,SamPinnock9,1542516373766541313,,2022-06-30 14:36:03+00:00
England,1903382054,user6282057381,1542522173490753536,,2022-06-30 14:55:44+00:00
England,1903382054,AtobraKofi,1542519292775698433,,2022-06-30 14:44:16+00:00
England,1903382054,Niley48865492,1539143607856541702,"ÿßŸÑÿ±Ÿäÿßÿ∂, ÿßŸÑŸÖŸÖŸÑŸÉÿ© ÿßŸÑÿπÿ±ÿ®Ÿäÿ© ÿßŸÑÿ≥ÿπŸàÿØ",2022-06-21 07:10:14+00:00
England,1903382054,ThinkFootbal,1542520460973199364,,2022-06-30 14:48:47+00:00
England,1903382054,minyoongi4555,1542521394839179266,,2022-06-30 14:52:34+00:00
England,1903382054,JakeSmit30,1496439209997082627,,2022-02-23 10:58:16+00:00
England,1903382054,OnyekaStephen01,1522008201704615938,,2022-05-05 00:20:20+00:00
England,1903382054,LCFCCharlie1884,1542522023879901186,,2022-06-30 14:55:08+00:00
England,1903382054,ItsMedoSherif,1542520559778443269,,2022-06-30 14:49:06+00:00
England,1903382054,D1_Trxppy,1542176073902850049,,2022-06-29 16:00:23+00:00
England,1903382054,goodlucklucas16,1542516766546374657,,2022-06-30 14:34:58+00:00
England,1903382054,sam00422618,1542521434303369218,,2022-06-30 14:52:48+00:00
England,1903382054,RabiuHa68,1489345875902185478,,2022-02-03 21:11:56+00:00
England,1903382054,VICTORK31350132,1542519740588904450,,2022-06-30 14:46:30+00:00
England,1903382054,Konan_Jeanlouis,892676407578554368,,2017-08-02 09:20:15+00:00
England,1903382054,GoatPique,1542520930269728769,,2022-06-30 14:50:32+00:00
England,1903382054,Evan87493428,1542521797022625802,,2022-06-30 14:53:58+00:00
England,1903382054,RohithKR12345,1542519921585704962,,2022-06-30 14:47:01+00:00
England,1903382054,abbie700000,1357387766405955585, a league 1 ground somewhere..,2021-02-04 17:57:28+00:00
England,1903382054,Costerogh6,1542519858994171907,,2022-06-30 14:46:41+00:00
England,1903382054,jumaasaeed10,1542160278997049352,,2022-06-29 14:57:42+00:00
England,1903382054,MaestroTFT,1542519328364384256,London,2022-06-30 14:44:20+00:00
England,1903382054,Skip234543,1542520940705087488,,2022-06-30 14:50:33+00:00
England,1903382054,Manos55231270,1542520253107671041,,2022-06-30 14:47:55+00:00
England,1903382054,venxmbobb,1542519264585719809,among us,2022-06-30 14:43:57+00:00
England,1903382054,AdityaS05989547,1542516704680755200,,2022-06-30 14:34:37+00:00
England,1903382054,JosephFolarin7,1542517235683471361,,2022-06-30 14:36:42+00:00
England,1903382054,malangkonte41,1541435604306743297,,2022-06-27 14:58:06+00:00
England,1903382054,KasambaGeoffre4,1530230539713662976,,2022-05-27 16:53:04+00:00
England,1903382054,AdrianGibbard,1542518716008542210,,2022-06-30 14:44:20+00:00
England,1903382054,itsjoelboadu,1480716877064245255,,2022-01-11 01:43:36+00:00
England,1903382054,footballLuv3,1542517618363355136,,2022-06-30 14:37:25+00:00
England,1903382054,HamisHussen3,1460165033372135428,,2021-11-15 08:38:18+00:00
England,1903382054,shadman_alishah,1529857024108134400,,2022-05-26 16:08:49+00:00
England,1903382054,ndubuisi_imo,1542479493788483586,,2022-06-30 12:06:45+00:00
England,1903382054,YolandaEaster2,1536337823841890306,,2022-06-13 13:20:57+00:00
England,1903382054,Abdelra55431015,1542513045745741825,,2022-06-30 14:19:30+00:00
England,1903382054,Adya200,1542514179801612288,,2022-06-30 14:24:47+00:00
England,1903382054,BetoChioda,1538516966213881860,,2022-06-19 13:40:57+00:00
England,1903382054,JuneVictoria16,1542516410617778177,"Atlantic City, NJ",2022-06-30 14:33:09+00:00
England,1903382054,EkeneEzenwa13,1542515331003953153,,2022-06-30 14:28:34+00:00
England,1903382054,ndaodebruyne,1542514840236728325,,2022-06-30 14:26:23+00:00
England,1903382054,mfing57372,1542516639551193088,,2022-06-30 14:33:33+00:00
England,1903382054,KwameJulius122,1542514782112100352,,2022-06-30 14:26:24+00:00
England,1903382054,DemanyaDaniel,1542515311424851968,,2022-06-30 14:28:39+00:00
England,1903382054,Luci_2704,1542514456176930817,,2022-06-30 14:26:03+00:00
England,1903382054,EbenezerOlawal9,1542515312498642945,,2022-06-30 14:28:18+00:00
England,1903382054,HereCosYNot,1541846166882734081,,2022-06-28 18:09:32+00:00
England,1903382054,MihailTerehov23,1542514257924829193,,2022-06-30 14:24:33+00:00
England,1903382054,SyiMedia,1542515703160246275,"Kidderminster, England",2022-06-30 14:29:56+00:00
England,1903382054,Poom14Pak,1542515030113267713,,2022-06-30 14:27:41+00:00
England,1903382054,Kimberl83286244,1542515619324514304,,2022-06-30 14:29:46+00:00
England,1903382054,SamButl12753226,1542514770837790723,,2022-06-30 14:29:05+00:00
England,1903382054,Clatek_,1480233479874826240,,2022-01-09 17:42:27+00:00
England,1903382054,RobertoD546,1542512600948170754,,2022-06-30 14:18:01+00:00
England,1903382054,ZinSoe47082133,1542513833654177797,,2022-06-30 14:22:39+00:00
England,1903382054,WiWiReds08,1542476868619837440,,2022-06-30 11:55:35+00:00
England,1903382054,DavidGo1008,1540089215937028097,,2022-06-23 21:47:59+00:00
England,1903382054,TomAwed,1542512416155525120,,2022-06-30 14:17:16+00:00
England,1903382054,AdamsSesay1904,1540858623743729664,,2022-06-26 00:45:35+00:00
England,1903382054,mafiro77777,1541527543211237378,,2022-06-27 21:04:17+00:00
England,1903382054,OmowaleToheeb,789936603263340544,,2016-10-22 21:08:57+00:00
England,1903382054,Charlie21334065,1542514578759618561,,2022-06-30 14:25:18+00:00
England,1903382054,AtkinsonAusten,1542514342649704449,,2022-06-30 14:24:29+00:00
England,1903382054,SueRayner1950,1542513470075072514,,2022-06-30 14:21:17+00:00
England,1903382054,VincentTerzung1,1540193429896011777,,2022-06-24 04:42:21+00:00
England,1903382054,HerveHaman,1542512955924701185,,2022-06-30 14:18:50+00:00
England,1903382054,Shop___Man,1542513292190527488,,2022-06-30 14:20:28+00:00
England,1903382054,gyuips,1542513209315188736,,2022-06-30 14:19:53+00:00
England,1903382054,Amaan_Olpadwala,1542511918472081413,,2022-06-30 14:14:42+00:00
England,1903382054,Alex32170417,1542513477931020288,,2022-06-30 14:21:00+00:00
England,1903382054,GodfreyTipo,1542507378611875843,,2022-06-30 13:58:33+00:00
England,1903382054,HlaseBhovungan1,1542475009519751169,,2022-06-30 11:48:19+00:00
England,1903382054,salimbinsilmeh,1542508345268924419,,2022-06-30 14:01:04+00:00
England,1903382054,EmmaKiwala,1542506829606834178,"Mukono, Uganda",2022-06-30 13:54:30+00:00
England,1903382054,01102021B,1542512302502453249,,2022-06-30 14:16:14+00:00
England,1903382054,RayhanH44342452,1542513199735398400,,2022-06-30 14:19:49+00:00
England,1903382054,cornertotals,1542500664059736065,,2022-06-30 13:30:01+00:00
England,1903382054,bigbig_magic,1542508633748930562,,2022-06-30 14:01:43+00:00
England,1903382054,IconicPhotoss,1542512243610267649,,2022-06-30 14:16:33+00:00
England,1903382054,wuadaww1,1542511361393332226,,2022-06-30 14:12:44+00:00
England,1903382054,AlexAri46297934,1542511730143612928,,2022-06-30 14:14:01+00:00
England,1903382054,Muoz3Reyes,1542507002563153921,,2022-06-30 13:55:27+00:00
England,1903382054,BookieTeeA,1541059842189697025,,2022-06-26 14:05:04+00:00
England,1903382054,Rafa_barca8,1542510970857172993,,2022-06-30 14:11:02+00:00
England,1903382054,Mohamed49634532,1542510050173779970,,2022-06-30 14:07:38+00:00
England,1903382054,MiguelM78145813,1527679043105169408,,2022-05-20 15:54:52+00:00
England,1903382054,haoyi2771,1542509664381808650,,2022-06-30 14:06:03+00:00
England,1903382054,MusayusufMusa6,1542509387058532354,,2022-06-30 14:05:04+00:00
England,1903382054,sarah88ackd,1542510238300921861,,2022-06-30 14:08:13+00:00
England,1903382054,DaffyDzn,1542510562898104321,,2022-06-30 14:09:26+00:00
England,1903382054,aderemibabatu10,721460962855882753,,2016-04-16 22:11:12+00:00
England,1903382054,EhiwarioFavour,1542503894567178241,,2022-06-30 13:42:53+00:00
England,1903382054,Noble_Dude_,1276832691938344960,Nigeria ,2020-06-27 11:00:44+00:00
England,1903382054,DanielFlynn1994,1479406604424564740,,2022-01-07 10:56:59+00:00
England,1903382054,silue_lerrho,1542508316881854471,,2022-06-30 14:00:37+00:00
England,1903382054,callume96780595,1542510428202315787,,2022-06-30 14:08:47+00:00
England,1903382054,klifford_njah,1534162984397840384,,2022-06-07 13:19:26+00:00
England,1903382054,crisnel2815,1539773868260397056,,2022-06-23 00:55:25+00:00
England,1903382054,LewisHazell6,1480546487012675589,,2022-01-10 14:26:16+00:00
England,1903382054,KamakaShaka,1537091462613151746,,2022-06-15 15:16:35+00:00
England,1903382054,Qvistworld,1542507471691841543,,2022-06-30 13:57:15+00:00
England,1903382054,Munyeke1Bonface,1542507983728390145,,2022-06-30 13:59:27+00:00
England,1903382054,SarahjayneHill5,1542509574548103173,,2022-06-30 14:05:31+00:00
England,1903382054,JuneWil86466216,1542507700889628681,,2022-06-30 13:58:08+00:00
England,1903382054,Benboy161106,1542508498323329028,,2022-06-30 14:01:09+00:00
England,1903382054,zja6epNbx8bljsL,1199726334236213248,,2019-11-27 16:27:23+00:00
England,1903382054,SJONEYS,1542509082199724032,,2022-06-30 14:03:26+00:00
England,1903382054,Eric04000925,1542507819752009733,,2022-06-30 13:58:46+00:00
England,1903382054,FootyTalkFc24hr,1542506946674077702,,2022-06-30 13:55:18+00:00
England,1903382054,mol_hogan,38223783,,2009-05-06 17:03:15+00:00
England,1903382054,IsmailH82616242,1536567577014575104,kampala ,2022-06-14 04:34:07+00:00
England,1903382054,Filip44935889,1542507860432588809,,2022-06-30 13:58:41+00:00
England,1903382054,WaIsdory,1542504176025862144,,2022-06-30 13:44:25+00:00
England,1903382054,Sunday62716013,1541545684268158977,,2022-06-27 22:15:31+00:00
England,1903382054,jaysmiffy88,1542506159407394821,,2022-06-30 13:52:23+00:00
England,1903382054,kenzy_manuel,1542497906435006466,,2022-06-30 13:19:13+00:00
England,1903382054,Provia256,1542504475071434753,,2022-06-30 13:45:49+00:00
England,1903382054,IjouNan,1542327434309009411,,2022-06-30 02:01:51+00:00
England,1903382054,budrowmilonx,1542507261376925696,,2022-06-30 13:56:14+00:00
England,1903382054,maregtar,1541572233965015040,,2022-06-28 00:00:59+00:00
England,1903382054,linah_malebo,1542503883611570176,,2022-06-30 13:43:07+00:00
England,1903382054,HyeamanKwesi,1542494088506875905,,2022-06-30 13:04:00+00:00
England,1903382054,haribag96977546,1542506372658388992,,2022-06-30 13:52:46+00:00
England,1903382054,Serkonf,1466709686,,2013-05-29 08:07:24+00:00
England,1903382054,LukeMar03826745,1542506676128866305,,2022-06-30 13:54:14+00:00
England,1903382054,HarryBl67084969,1542506641995640833,,2022-06-30 13:53:56+00:00
England,1903382054,nyihtet_nyi,1542505781224161280,,2022-06-30 13:50:30+00:00
England,1903382054,BobgaIdrice,1542505197926174720,,2022-06-30 13:48:20+00:00
England,1903382054,AustinS83407761,1542503283750621185,,2022-06-30 13:40:48+00:00
England,1903382054,Cranky05021467,1401602001956450306,,2021-06-06 18:09:06+00:00
England,1903382054,ShumaksT,1542130647615012864,,2022-06-29 12:59:43+00:00
England,1903382054,Matas89275196,1500521135561134081,,2022-03-06 17:18:23+00:00
England,1903382054,nziignace112,1542502513445728262,"Coteau-du-Lac, Qu√©bec",2022-06-30 13:37:30+00:00
England,1903382054,Sanifaruku12,1542504321199157248,,2022-06-30 13:45:12+00:00
England,1903382054,fei_que_doi,1541112177565880320,,2022-06-26 17:32:49+00:00
England,1903382054,BarryAb90988143,1542503249013383169,,2022-06-30 13:40:42+00:00
England,1903382054,P_e_t_e_W,1542505127889608705,,2022-06-30 13:48:06+00:00
England,1903382054,Sammy96584037,1050473826084167680,all ,2018-10-11 19:50:51+00:00
England,1903382054,charanj89302954,1542500046352003073,,2022-06-30 13:27:46+00:00
England,1903382054,BOTNTransfers,1542502622099189762,,2022-06-30 13:38:00+00:00
England,1903382054,CabdiNu52335390,1542503497102512128,,2022-06-30 13:42:10+00:00
England,1903382054,YOYBEBANYOY,1486176933629292544,,2022-01-26 03:19:43+00:00
England,1903382054,WbaKeiren,1542504250747473922,,2022-06-30 13:44:35+00:00
England,1903382054,WeiHng1,1542499565446004738,,2022-06-30 13:25:56+00:00
England,1903382054,makaperatoolz,1542497388731936769,,2022-06-30 13:17:13+00:00
England,1903382054,jago_peng,1542500611593080834,,2022-06-30 13:30:07+00:00
England,1903382054,NaiKhinAung,1542500197955436545,,2022-06-30 13:28:31+00:00
England,1903382054,mathewshonibare,2770891493,lagos ,2014-09-15 07:50:17+00:00
England,1903382054,JackBla22912686,1542500224085528579,,2022-06-30 13:28:50+00:00
England,1903382054,MinhCow3,1542502692102492160,,2022-06-30 13:38:12+00:00
England,1903382054,PhenemenoR,1542500316469411841,,2022-06-30 13:30:20+00:00
England,1903382054,ShadrachObazee,1542497011739627521,,2022-06-30 13:16:10+00:00
England,1903382054,yahyajemaa,1542501146933092353,,2022-06-30 13:32:11+00:00
England,1903382054,rn_syhrl27,1542487031187906561,,2022-06-30 12:38:01+00:00
England,1903382054,marcgonari21,1542499568188674048,,2022-06-30 13:25:58+00:00
England,1903382054,mo3err,1542499395408502784,,2022-06-30 13:25:25+00:00
England,1903382054,foocoball010,1542501990046892033,Indien,2022-06-30 13:35:25+00:00
England,1903382054,jbaah2653,1521271720954548224,,2022-05-02 23:34:08+00:00
England,1903382054,YshtSmyr,1533852172139520006,,2022-06-06 16:44:24+00:00
England,1903382054,PhngGia77436009,1528285822415319040,,2022-05-22 08:05:34+00:00
England,1903382054,Youssef14550822,1542501347055898625,,2022-06-30 13:32:51+00:00
England,1903382054,Elizabe25175332,1539022512163631105,,2022-06-20 23:09:55+00:00
England,1903382054,Jahangi85850319,1542501554376175616,,2022-06-30 13:33:45+00:00
England,1903382054,yu_kawana0905,211695831,,2010-11-04 00:11:27+00:00
England,1903382054,CyriacusOkike,1542498796352856065,,2022-06-30 13:23:03+00:00
England,1903382054,Junior5363,1542312105772302338,,2022-06-30 01:01:31+00:00
England,1903382054,yayadia32210862,1542499743556943872,,2022-06-30 13:26:23+00:00
England,1903382054,oscama4,1542499021624954880,,2022-06-30 13:23:31+00:00
England,1903382054,adam_kerfoot,1467581912,Desborough ,2013-05-29 15:40:27+00:00
England,1903382054,ZakariaMebark14,1542501181494136834,,2022-06-30 13:32:14+00:00
England,1903382054,Yubicz1,1542500368390623233,,2022-06-30 13:28:57+00:00
England,1903382054,tom15aga85,1542498588499972098,,2022-06-30 13:22:27+00:00
England,1903382054,MM27990851,1534259173793349632,ÿßŸÑÿ±Ÿäÿßÿ∂Ÿá ,2022-06-07 19:41:21+00:00
England,1903382054,MedDayim,1542252231612841986,,2022-06-29 21:03:15+00:00
England,1903382054,boadi_boakye,1542498828091363329,,2022-06-30 13:23:01+00:00
England,1903382054,ROKUPlumbing4U,1542500686205575168,London,2022-06-30 13:30:03+00:00
England,1903382054,Actuel69350541,1542499450756550657,,2022-06-30 13:25:17+00:00
England,1903382054,DaleAnderson123,1542499329784438785,,2022-06-30 13:25:22+00:00
England,1903382054,AndyC2393,898482219639025664,,2017-08-18 09:50:28+00:00
England,1903382054,JASIR13498631,1542499793389269000,,2022-06-30 13:26:39+00:00
England,1903382054,laghzzoh,1200384078803087360,,2019-11-29 12:01:13+00:00
England,1903382054,JamieJo30779853,1293256462341484546,,2020-08-11 18:42:42+00:00
England,1903382054,FredySoul1,1542496711221956608,,2022-06-30 13:14:34+00:00
England,1903382054,oussama_pop,1542498422158233601,,2022-06-30 13:22:40+00:00
England,1903382054,TonyEri7,1542497472651591682,Las Vegas,2022-06-30 13:17:31+00:00
England,1903382054,rohitshahane411,1538868343163297792,,2022-06-20 12:56:32+00:00
England,1903382054,Karinlalama,1542498632946941952,,2022-06-30 13:22:12+00:00
England,1903382054,AndreyTosso29,1542497578696249349,,2022-06-30 13:17:50+00:00
England,1903382054,HocreenC,1542498275785379840,,2022-06-30 13:20:40+00:00
England,1903382054,richeeramz,1542498537828716544,,2022-06-30 13:21:41+00:00
England,1903382054,parl_jack,1542499331659337729,Vereinigtes K√∂nigreich,2022-06-30 13:24:45+00:00
England,1903382054,sainto2022,1542498820537417728,,2022-06-30 13:22:55+00:00
England,1903382054,Abcdefghidontg1,1542499896300666880,,2022-06-30 13:26:55+00:00
England,1903382054,kaba0320yuta,1027118103736410112,ÂüºÁéâ„ÄÄ„Åï„ÅÑ„Åü„ÅæÂ∏ÇÊµ¶ÂíåÂå∫,2018-08-08 09:03:33+00:00
England,1903382054,innocent_hood,349032157,Pretoria,2011-08-05 12:32:22+00:00
England,1903382054,insane__otm,1542497196540665856,,2022-06-30 13:16:27+00:00
England,1903382054,pandeng0531,1542323429806059521,,2022-06-30 01:45:52+00:00
England,1903382054,Oluwato48131857,1542495926442401792,,2022-06-30 13:11:21+00:00
England,1903382054,MasonMo51266185,1402146725138112515,,2021-06-08 06:13:39+00:00
England,1903382054,tom49041051,1542496155614978049,,2022-06-30 13:12:05+00:00
England,1903382054,Stephen45510951,1542495705117474817,,2022-06-30 13:10:27+00:00
England,1903382054,MiguelLaranje15,1190793511785906176,,2019-11-03 00:51:19+00:00
England,1903382054,DavidoTzd,1542498092141801472,,2022-06-30 13:20:14+00:00
England,1903382054,WaenXb,1541703484147658753,,2022-06-28 08:42:21+00:00
England,1903382054,xsycomeon,1537340468312551426,,2022-06-16 07:45:19+00:00
England,1903382054,LewisGardener7,1542143544051339271,,2022-06-29 13:51:07+00:00
England,1903382054,mhmddaw76087108,1542491383008825345,,2022-06-30 12:54:04+00:00
England,1903382054,FredgellMonter,1542495424946360327,,2022-06-30 13:09:34+00:00
England,1903382054,Arthur_9th,1531005471724822530,Scotland,2022-05-29 20:12:14+00:00
England,1903382054,shrafuabir,1542129134008414208,"Mirpur,Dhaka",2022-06-29 12:53:41+00:00
England,1903382054,KElmerouani,1542495348697997312,,2022-06-30 13:08:56+00:00
England,1903382054,SallauWaziri,1211776821848506368,,2019-12-30 22:31:52+00:00
England,1903382054,NwawahF,1542492989972422657,,2022-06-30 13:01:19+00:00
England,1903382054,chidianaele3,1542491883888336896,"orwu etche rivers state, Niger",2022-06-30 12:55:20+00:00
England,1903382054,fordste666,1542492399049605120,,2022-06-30 12:57:25+00:00
England,1903382054,TheLordChalupa,1542494746152767490,,2022-06-30 13:06:37+00:00
England,1903382054,Tomgemmell1993,903529459281776641,"Clacton-on-Sea, England",2017-09-01 08:06:24+00:00
England,1903382054,Mcaylin231,1542496023301525504,,2022-06-30 13:11:34+00:00
England,1903382054,tahrir_t3,1542494174037086209,,2022-06-30 13:04:54+00:00
England,1903382054,victor80665343,1150812990805032960,,2019-07-15 17:02:52+00:00
England,1903382054,siraj_unddin,1542495305366917121,,2022-06-30 13:09:23+00:00
England,1903382054,Kambimubarak82,1415258593360850951,,2021-07-14 10:35:58+00:00
England,1903382054,SahrAlhassan,1542494598769119232,,2022-06-30 13:06:08+00:00
England,1903382054,DanielMadudi93,1542491491339304963,,2022-06-30 12:54:02+00:00
England,1903382054,kadri_seeta,1542492982552805381,,2022-06-30 12:59:40+00:00
England,1903382054,adrean254,1542494500676837378,,2022-06-30 13:05:39+00:00
England,1903382054,nashonk1,1542494576266690560,,2022-06-30 13:06:07+00:00
England,1903382054,Qwesi_sab,1542492167628853249,,2022-06-30 12:56:36+00:00
England,1903382054,supercaclo,1542495403433545728,,2022-06-30 13:09:10+00:00
England,1903382054,mhmdals80797045,1542493536138002432,,2022-06-30 13:01:44+00:00
England,1903382054,zozohp4444,1542494337925251074,,2022-06-30 13:04:51+00:00
England,1903382054,tugaman515,1469684359099830284,,2021-12-11 15:04:23+00:00
England,1903382054,FFishbon,1542456413884137473,,2022-06-30 10:34:54+00:00
England,1903382054,Mohamed_zouarii,1542491368194543620,,2022-06-30 12:53:02+00:00
England,1903382054,MohamedMedoo012,1542490203012665345,,2022-06-30 12:48:47+00:00
England,1903382054,youryyy5,1542492593216704512,,2022-06-30 12:58:07+00:00
England,1903382054,OjoTemitopeAbi4,1542487173043290112,,2022-06-30 12:37:31+00:00
England,1903382054,Charlie17400968,1542494092621406208,,2022-06-30 13:04:03+00:00
England,1903382054,Danmakka4,1103755277545992192,,2019-03-07 20:32:19+00:00
England,1903382054,J000_08,1540324683656187904,,2022-06-24 13:23:24+00:00
England,1903382054,Oc20Racing,1542493045983219712,,2022-06-30 12:59:43+00:00
England,1903382054,adamjac68228916,1542492296058380290,,2022-06-30 12:58:11+00:00
England,1903382054,blaze_billi,1542490426543849474,,2022-06-30 12:49:41+00:00
England,1903382054,ciastkopklish,1449408486400569357,,2021-10-16 16:15:52+00:00
England,1903382054,Ayeni94880516,1542491871859073025,,2022-06-30 12:55:08+00:00
England,1903382054,AprilGabrial,1542492675856818177,,2022-06-30 12:58:34+00:00
England,1903382054,IcOfbxyrPDh3iw5,944564699382931456,"Al Farwaniyya, Kuwait",2017-12-23 13:45:48+00:00
England,1903382054,DjedouGauthier,1542491558792110080,,2022-06-30 12:53:54+00:00
England,1903382054,Alex86623695,1542492414669193218,,2022-06-30 12:57:13+00:00
England,1903382054,RazakSabutu,1542490249196093443,,2022-06-30 12:49:03+00:00
England,1903382054,MustafaFi95,1542485333455020034,,2022-06-30 12:29:07+00:00
England,1903382054,paulopondo18,2333196023,"Nairobi,Kenya",2014-02-09 06:14:12+00:00
England,1903382054,babyk0601,1542491052799582208,,2022-06-30 12:51:47+00:00
England,1903382054,JamesTColeman2,1542490971899830273,,2022-06-30 12:52:02+00:00
England,1903382054,Jojo86_,1542487887698067456,,2022-06-30 12:39:27+00:00
England,1903382054,PromiseLouis6,1110143031129358336,,2019-03-25 11:34:58+00:00
England,1903382054,Mateusz86641282,1542490811052572672,,2022-06-30 12:51:08+00:00
England,1903382054,hesborn48683132,1542487744043270145,,2022-06-30 12:38:56+00:00
England,1903382054,Lesedijuice,1542488805890052096,,2022-06-30 12:42:58+00:00
England,1903382054,frankie_alexius,1282633544226025473,"Anambra, Nigeria",2020-07-13 11:11:07+00:00
England,1903382054,EHounsi,1542488808784003075,,2022-06-30 12:44:27+00:00
England,1903382054,LallysmailAli,1542489493260861443,,2022-06-30 12:45:53+00:00
England,1903382054,ThatDanEvans,1542490298940641283,,2022-06-30 12:49:28+00:00
England,1903382054,CareEmmy1,1541389974767112195,,2022-06-27 11:56:46+00:00
England,1903382054,GayXXX1980,1542484430731845632,,2022-06-30 12:25:51+00:00
England,1903382054,brakuma_,1542487911647641601,,2022-06-30 12:39:32+00:00
England,1903382054,PW57WHU,411026791,Somerset / Poitier Charente,2011-11-12 22:10:28+00:00
England,1903382054,Amon12513587,1542487939439001600,,2022-06-30 12:40:08+00:00
England,1903382054,Tommysm56639201,1542489387518369793,,2022-06-30 12:45:15+00:00
England,1903382054,larasskillz16,1540458736564817920,,2022-06-24 22:16:21+00:00
England,1903382054,JulianR89449911,1541814109724876800,,2022-06-28 16:02:07+00:00
England,1903382054,Nengak91695775,1541427202956328961,,2022-06-27 14:25:05+00:00
England,1903382054,Unlimit36999614,1542488501719007233,,2022-06-30 12:42:04+00:00
England,1903382054,david_jibao,1542483960319692800,,2022-06-30 12:24:07+00:00
England,1903382054,ConorCo89275769,1541429439782916097,,2022-06-27 14:33:47+00:00
England,1903382054,LailaSabha,1539930600857079808,,2022-06-23 11:17:46+00:00
England,1903382054,Lo_DeGirolamo,920408273253224448,"Casalnuovo di Napoli, Campania",2017-10-17 21:56:47+00:00
England,1903382054,S72101806Smith,1542488207761219587,,2022-06-30 12:40:30+00:00
England,1903382054,25Dangermouse,1542488124009463815,,2022-06-30 12:40:35+00:00
England,1903382054,HusseiniSiraaj,1392484160967692291,,2021-05-12 14:18:26+00:00
England,1903382054,Pricey4utv,1542485911987970048,,2022-06-30 12:31:24+00:00
England,1903382054,nick_malvadeza,1542477510788653056,,2022-06-30 11:58:25+00:00
England,1903382054,DaringDucksBH,1542487356061716480,,2022-06-30 12:37:15+00:00
England,1903382054,AhmedShariff85,1542487002959986688,,2022-06-30 12:36:15+00:00
England,1903382054,forlajomi,1481715384189345792,"lagos, Nigeria",2022-01-13 19:51:06+00:00
England,1903382054,AilaKutan,1542484533626523649,,2022-06-30 12:27:28+00:00
England,1903382054,VickyKeating3,1542486912941916160,,2022-06-30 12:35:44+00:00
England,1903382054,PhungChannel,1542485837111103489,,2022-06-30 12:31:20+00:00
England,1903382054,Lilo_799,1542485543585546240,,2022-06-30 12:30:06+00:00
England,1903382054,SportsArenaYT,1542485718731292672,,2022-06-30 12:30:38+00:00
England,1903382054,ValdoJames2,1542485675265622018,,2022-06-30 12:30:55+00:00
England,1903382054,Dylan1719M,1542415381578616832,"Leicester, England",2022-06-30 07:51:08+00:00
England,1903382054,zahirskhossen,1495068878,Republik Mauritius,2013-06-09 08:54:51+00:00
England,1903382054,Gias27220505,1542486362615595009,,2022-06-30 12:33:13+00:00
England,1903382054,AywbAlslfy,1542480204324544512,,2022-06-30 12:09:06+00:00
England,1903382054,Marvy_pondzs,1541513892391682050,"Delta, Nigeria",2022-06-27 20:09:11+00:00
England,1903382054,KargboJidik,1542450728182190081,,2022-06-30 10:12:12+00:00
England,1903382054,mohalighandour,1542483339587747841,Italy,2022-06-30 12:21:09+00:00
England,1903382054,uroldfrend,1542460434191630338,,2022-06-30 10:50:37+00:00
England,1903382054,07_salah_04,1542482792919048192,,2022-06-30 12:19:08+00:00
England,1903382054,wahabmoshood12,1542481886840324098,osogbo,2022-06-30 12:15:49+00:00
England,1903382054,debra_maternity,1531241081815310337,Sheffield,2022-05-30 11:50:11+00:00
England,1903382054,Alfie94694594,1542484993330618368,,2022-06-30 12:27:51+00:00
England,1903382054,dJ_H02,973036622601056256,,2018-03-12 03:23:03+00:00
England,1903382054,hailatrassa,1542484019354402822,,2022-06-30 12:24:02+00:00
England,1903382054,wit_eon,1418605845827493893,,2021-07-23 16:16:32+00:00
England,1903382054,Mufcfanpage9,1542481988753539076,,2022-06-30 12:16:32+00:00
England,1903382054,Ricky208648902,1542481657487310849,,2022-06-30 12:14:45+00:00
England,1903382054,tanvir7777700,1542482014028238848,,2022-06-30 12:16:07+00:00
England,1903382054,dreywyt,1542479317455740928,,2022-06-30 12:05:37+00:00
England,1903382054,Febri_Wahyudi14,1440095505980166149,,2021-09-20 23:28:54+00:00
England,1903382054,AveryMaddison2,1541748236544884736,Vereinigte Staaten,2022-06-28 11:40:24+00:00
England,1903382054,ASSIAAS24075387,1290890258842898432,,2020-08-05 06:00:20+00:00
England,1903382054,ketstar66,1539163788477313026,,2022-06-21 08:31:01+00:00
England,1903382054,MukisaBenard11,1542475970556428290,,2022-06-30 11:52:46+00:00
England,1903382054,nate4utd,1512521663291830279,,2022-04-08 20:04:37+00:00
England,1903382054,CKanuoxx,1542481894331351040,,2022-06-30 12:15:48+00:00
England,1903382054,bawashao11,1542483517480787975,,2022-06-30 12:21:54+00:00
England,1903382054,marius_rze,1542482040557391875,,2022-06-30 12:16:13+00:00
England,1903382054,leca_08_vt,1542482692968677382,Onde tu nunca vais chegar,2022-06-30 12:18:35+00:00
England,1903382054,CVernege,1542481808230678532,,2022-06-30 12:15:28+00:00
England,1903382054,amy05127554,1506619638536417282,,2022-03-23 13:11:45+00:00
England,1903382054,Mauri_BR8,1541286404520644611,,2022-06-27 05:05:05+00:00
England,1903382054,GKallebi,1542482562098102273,,2022-06-30 12:18:30+00:00
England,1903382054,DR237842,1542483530755805184,,2022-06-30 12:21:53+00:00
England,1903382054,man_citizen4,1542481572804304897,,2022-06-30 12:14:10+00:00
England,1903382054,AmaefuleDavid5,1542480933080780802,,2022-06-30 12:11:53+00:00
England,1903382054,footballedits_3,1522877409321799680,,2022-05-07 09:54:16+00:00
England,1903382054,kebab43847056,1542168332304089092,,2022-06-29 15:29:33+00:00
England,1903382054,fred38746343,1542481098394984448,,2022-06-30 12:12:21+00:00
England,1903382054,Hardamz7,2335082993,,2014-02-10 05:49:59+00:00
England,1903382054,AD82850843,1542481940384817152,,2022-06-30 12:16:16+00:00
England,1903382054,FredrickOlumbe,1098487971781771264,"Naivasha, Kenya",2019-02-21 07:41:56+00:00
England,1903382054,Usman06441276,1317544518930104320,"Ibada, Nigeria",2020-10-17 19:14:40+00:00
England,1903382054,danfakaci,1542480121172578306,,2022-06-30 12:10:07+00:00
England,1903382054,OpokuDa02802265,1542416655816560641,,2022-06-30 07:56:35+00:00
England,1903382054,AliNash15757658,1542477700660572160,,2022-06-30 11:59:11+00:00
England,1903382054,JoSportweb,1542479400419065858,,2022-06-30 12:05:48+00:00
England,1903382054,KhifnieG,1247103615841349633,,2020-04-06 10:07:43+00:00
England,1903382054,Coen5Coen,1542480808363048960,,2022-06-30 12:11:26+00:00
England,1903382054,MharleeqH0908,1542479224157642754,,2022-06-30 12:05:02+00:00
England,1903382054,mustapha_jarboh,1487535557395849223,,2022-01-29 21:18:24+00:00
England,1903382054,Godfrey04505555,1439275241809776646,,2021-09-18 17:09:23+00:00
England,1903382054,Prince_Jay_Ug,1317064463162421249,"Gulu, Uganda",2020-10-16 11:27:18+00:00
England,1903382054,LeonardNicolae3,1542481144863723523,,2022-06-30 12:12:47+00:00
England,1903382054,maxineC45848250,1542479544476639232,,2022-06-30 12:06:36+00:00
England,1903382054,Assuran64564503,1542478385649258496,,2022-06-30 12:01:34+00:00
England,1903382054,Callumsnm15,1542480442993016833,,2022-06-30 12:09:37+00:00
England,1903382054,ranjith62025486,1542478189313904640,,2022-06-30 12:01:10+00:00
England,1903382054,ThaboGabriel20,1539954850858942469,,2022-06-23 12:54:09+00:00
England,1903382054,OAdinkraa,1539683055996215297,,2022-06-22 18:53:56+00:00
England,1903382054,Jamalam95141142,1542477525410107392,,2022-06-30 11:58:22+00:00
England,1903382054,George54800852,1542479537610670081,,2022-06-30 12:06:10+00:00
England,1903382054,ScottC2202,1542475700816564224,,2022-06-30 11:51:00+00:00
England,1903382054,g_mudeebe,1542477234207858690,,2022-06-30 11:57:29+00:00
England,1903382054,ayzee_7,1542476887783612416,,2022-06-30 11:55:51+00:00
England,1903382054,King34843981,1533383805846769664,,2022-06-05 09:42:52+00:00
England,1903382054,Emmanue67586458,1542430868526010369,,2022-06-30 08:53:07+00:00
England,1903382054,Olasyoung,1542475237555675139,,2022-06-30 11:49:10+00:00
England,1903382054,TimHodg32516508,1542478584773763073,,2022-06-30 12:02:25+00:00
England,1903382054,ablemark12,1542476204183326720,,2022-06-30 11:53:09+00:00
England,1903382054,DavidWi58571066,1542475880139743234,,2022-06-30 11:51:59+00:00
England,1903382054,samuel21676276,1542400405061226498,,2022-06-30 06:51:43+00:00
England,1903382054,FadZ42,1542476973049401344,,2022-06-30 11:55:55+00:00
England,1903382054,DavidPi36276813,1542466714293731328,,2022-06-30 11:15:50+00:00
England,1903382054,MtoloShitos,1542474376725012481,,2022-06-30 11:45:40+00:00
England,1903382054,DB327790,1542477738132574211,,2022-06-30 11:59:20+00:00
England,1903382054,Joan_Chen99,1542477738526793730,,2022-06-30 11:58:59+00:00
England,1903382054,MomenRizk7,1542476079281180673,,2022-06-30 11:52:32+00:00
England,1903382054,McfcLalinho,1542475740343681025,,2022-06-30 11:51:08+00:00
England,1903382054,TajkirHossen14,1305751562480791553,"Chandpur, Bangladesh",2020-09-15 06:16:27+00:00
England,1903382054,mopie49,1542477235206193154,,2022-06-30 11:57:04+00:00
England,1903382054,Gunna178,1542468453340020738,,2022-06-30 11:22:29+00:00
England,1903382054,AlanWhe94194615,1542475605303853058,,2022-06-30 11:50:29+00:00
England,1903382054,Officialicon16,1541674919452368897,TEMA ,2022-06-28 06:49:02+00:00
England,1903382054,3bas_18,1542476505594449921,,2022-06-30 11:54:02+00:00
England,1903382054,Ahmed_kamal_22,1542473295727050754,,2022-06-30 11:41:58+00:00
England,1903382054,Benjami62379721,1542472525162094595,,2022-06-30 11:38:24+00:00
England,1903382054,mohamma83921644,1540804600340443136,,2022-06-25 21:10:36+00:00
England,1903382054,Josprec74413991,1539661087712362501,,2022-06-22 17:26:37+00:00
England,1903382054,urshia25,1542475391167860736,,2022-06-30 11:49:56+00:00
England,1903382054,AdebolaFasuba,1542471782803902464,,2022-06-30 11:35:15+00:00
England,1903382054,peteryes5,238653307,,2011-01-15 18:03:44+00:00
England,1903382054,YwngNnth,1498688582927618050,,2022-03-01 15:58:53+00:00
England,1903382054,ianhaslam14,1542475711751110657,,2022-06-30 11:51:13+00:00
England,1903382054,Nito113,780152733575811072,C√¥te d'Ivoire,2016-09-25 21:11:21+00:00
England,1903382054,JohnHur06394242,1542475447736352768,,2022-06-30 11:50:17+00:00
England,1903382054,Charlieholly94,1542475970162184193,,2022-06-30 11:52:01+00:00
England,1903382054,CEOofGotham,1542475194136141826,,2022-06-30 11:48:46+00:00
England,1903382054,didan_dieudonne,1542474033358413824,,2022-06-30 11:44:35+00:00
England,1903382054,LMCarlylejones,1542473834649030656,,2022-06-30 11:43:41+00:00
England,1903382054,Jaadar15,1542475032210833410,,2022-06-30 11:48:26+00:00
England,1903382054,AmadouWg07,1541381714701950977,,2022-06-27 11:23:57+00:00
England,1903382054,MhangoRodwell,1542473760237916162,,2022-06-30 11:43:17+00:00
England,1903382054,Toni84006407,906763378252808192,,2017-09-10 06:16:51+00:00
England,1903382054,Euhhello,1350250848392241154,,2021-01-16 01:17:54+00:00
England,1903382054,mooretweetless,1542474049368072194,,2022-06-30 11:44:30+00:00
England,1903382054,HayleyDeacon9,1542475765450739712,,2022-06-30 11:51:22+00:00
England,1903382054,RobertMaloy6,1542473748112097281,,2022-06-30 11:43:33+00:00
England,1903382054,Yousef_Joe_231,1542463719741034496,,2022-06-30 11:03:16+00:00
England,1903382054,fred_kome,1542473605333880832,,2022-06-30 11:42:57+00:00
England,1903382054,BukayoS18170816,1542474684498939904,,2022-06-30 11:47:22+00:00
England,1903382054,Omokayode07,1542472675750252547,,2022-06-30 11:39:07+00:00
England,1903382054,mohamed1212rch1,973644957662760965,,2018-03-13 19:40:22+00:00
England,1903382054,Guban00v,926050439442976770,"–ú–æ—Å–∫–≤–∞, –†–æ—Å—Å–∏—è",2017-11-02 11:36:44+00:00
England,1903382054,BatriYahya,1542474041814142978,,2022-06-30 11:44:27+00:00
England,1903382054,samdeaconnn,1542474587643994112,,2022-06-30 11:46:25+00:00
England,1903382054,EiThand12517410,1542470752867344391,,2022-06-30 11:31:24+00:00
England,1903382054,Atthaphol211,1541799635697537026,,2022-06-28 15:04:31+00:00
England,1903382054,Nick_Drewett,215218973,Bristol,2010-11-13 09:35:02+00:00
England,1903382054,Kwppppppppppppp,1542473278081888261,,2022-06-30 11:41:09+00:00
England,1903382054,horyinlomo,1542471406365118464,,2022-06-30 11:34:08+00:00
England,1903382054,sebas_5545,1542469708196114432,,2022-06-30 11:27:26+00:00
England,1903382054,Abdixakim7,1542472909599522817,,2022-06-30 11:39:54+00:00
England,1903382054,gimins3,1535647050012180482,,2022-06-11 15:36:21+00:00
England,1903382054,Sarah31133024,1542473399557029889,,2022-06-30 11:41:37+00:00
England,1903382054,Tux92809,1542469276602437633,,2022-06-30 11:25:21+00:00
England,1903382054,mangorjoseph,1542229236395778048,,2022-06-29 19:32:36+00:00
England,1903382054,SaidSabili01,1542471124096794626,,2022-06-30 11:32:53+00:00
England,1903382054,MohaAhm31607125,1464145615802478592,Koenigreich Saudi-Arabien,2021-11-26 08:15:28+00:00
England,1903382054,PrincessDPalmer,1538930083179667465,"Peterborough, England",2022-06-20 17:05:19+00:00
England,1903382054,TanbuaTBN,1542472070084399106,,2022-06-30 11:36:23+00:00
England,1903382054,lsartogo08,1542469638864478209,,2022-06-30 11:26:39+00:00
England,1903382054,Diamond99828093,1542469302259011585,,2022-06-30 11:25:45+00:00
England,1903382054,flashkabu1,1542469776739635201,,2022-06-30 11:27:20+00:00
England,1903382054,NuhuIssahak,1542467852820676608,,2022-06-30 11:20:48+00:00
England,1903382054,BBodgkin,1542471404783820801,,2022-06-30 11:34:34+00:00
England,1903382054,issoufoukabir1,1542462461676322817,,2022-06-30 10:58:50+00:00
England,1903382054,Midgerysimpson,1542457478205640704,,2022-06-30 10:45:47+00:00
England,1903382054,Asamoah68807414,1542469500871888898,,2022-06-30 11:27:12+00:00
England,1903382054,kahina_djerdjar,1542471310139326465,,2022-06-30 11:33:23+00:00
England,1903382054,AllyIss87022567,1542468733297377280,,2022-06-30 11:23:07+00:00
England,1903382054,Ahmedso57614871,1542468381399449600,,2022-06-30 11:22:27+00:00
England,1903382054,HorlharJ,1542467652421042176,,2022-06-30 11:19:10+00:00
England,1903382054,PaulNel63813121,1542463489876393984,,2022-06-30 11:02:28+00:00
England,1903382054,EpicMotion2,1542469511630229505,,2022-06-30 11:26:30+00:00
England,1903382054,Mahmoud15848410,1542467648579059712,,2022-06-30 11:20:09+00:00
England,1903382054,kd_rajeev7,2903682626,,2014-11-18 13:57:13+00:00
England,1903382054,Leethomas970,1541247406045544448,"Rochdale, England",2022-06-27 02:30:08+00:00
England,1903382054,Cast05797499,1147172512272437248,"Morogoro, Tansania",2019-07-05 15:56:55+00:00
England,1903382054,itsmedrewers,1542470158345723904,,2022-06-30 11:29:02+00:00
England,1903382054,RexSwizz,1362927392667426817,"Lagos, Nigeria",2021-02-20 00:50:10+00:00
England,1903382054,Blaqalpha2,1517800628571054080,,2022-04-23 09:41:00+00:00
England,1903382054,Moustap96976463,1529562669648384000,"Teranga üá∏üá≥üè¥Û†ÅßÛ†Å¢Û†Å•Û†ÅÆÛ†ÅßÛ†Åø, AR",2022-05-25 20:39:29+00:00
England,1903382054,DjarraDiarra,1542467183267221506,,2022-06-30 11:17:16+00:00
England,1903382054,bam254813,1540886664645865474,,2022-06-26 02:36:43+00:00
England,1903382054,KehindeAwolesi1,1542469251457490945,,2022-06-30 11:25:20+00:00
England,1903382054,toughy92,1370078103750463488,,2021-03-11 18:24:21+00:00
England,1903382054,Conwpearce,1542469727804596224,,2022-06-30 11:27:19+00:00
England,1903382054,sledgemendu,1542466755733471235,,2022-06-30 11:17:23+00:00
England,1903382054,besto_le,1542468634425102341,,2022-06-30 11:22:52+00:00
England,1903382054,tunaung75301757,1542468801240760320,,2022-06-30 11:23:30+00:00
England,1903382054,GeorgeTraynor9,1542469266796150784,,2022-06-30 11:25:22+00:00
England,1903382054,OptimisticMosey,1542467222483894272,,2022-06-30 11:17:27+00:00
England,1903382054,Axmedjr11,1542467184055783424,,2022-06-30 11:17:17+00:00
England,1903382054,SajalRa70912205,1234172634709004291,New Delhi,2020-03-01 17:44:43+00:00
England,1903382054,UCI4I,1542467020591140864,,2022-06-30 11:16:21+00:00
England,1903382054,Asharvin64,1542465059661778945,,2022-06-30 11:08:49+00:00
England,1903382054,SandiHovde,1493254783616045058,,2022-02-14 16:04:36+00:00
England,1903382054,MoulayeChmatte3,1542468524077158404,,2022-06-30 11:22:25+00:00
England,1903382054,bdallh88570751,1542465542048579584,,2022-06-30 11:10:30+00:00
England,1903382054,MatthewAJLee3,1542467735526965248,,2022-06-30 11:19:49+00:00
England,1903382054,Bochino10,1519804660034555904,,2022-04-28 22:24:22+00:00
England,1903382054,Omar54654615,1542467960446631937,,2022-06-30 11:20:04+00:00
England,1903382054,abrahym_qh,1542468181448704003,,2022-06-30 11:21:02+00:00
England,1903382054,carlosconraaad,1542468286843060224,,2022-06-30 11:21:16+00:00
England,1903382054,forever303131,1542465191820001283,,2022-06-30 11:09:15+00:00
England,1903382054,DarynoD,1542466566545195008,,2022-06-30 11:15:02+00:00
England,1903382054,elle_barnard,1542467488323145731,,2022-06-30 11:19:46+00:00
England,1903382054,LebosMichael,1542467793177788416,,2022-06-30 11:19:27+00:00
England,1903382054,ZaidaSamy,1526290527683067907,,2022-05-16 19:56:46+00:00
England,1903382054,Rowan04294960,1542266211769147393,,2022-06-29 21:59:18+00:00
England,1903382054,makonyagi,862396853425504256,,2017-05-10 20:00:07+00:00
England,1903382054,wael_loll,1542466747294531593,,2022-06-30 11:15:15+00:00
England,1903382054,Buabeng5Dennis,1542465162535477248,,2022-06-30 11:09:04+00:00
England,1903382054,abrtsby29314611,1542466632450281472,,2022-06-30 11:14:53+00:00
England,1903382054,LucyAgyekum2,1542464171975086080,,2022-06-30 11:06:07+00:00
England,1903382054,ayman56443191,1542466382822080513,,2022-06-30 11:13:54+00:00
England,1903382054,AllieBSillah,1496488311816441865,,2022-02-23 14:16:54+00:00
England,1903382054,Dejarlosanimal6,1542466259979313152,,2022-06-30 11:13:18+00:00
England,1903382054,p_kanitz,1542466015984058370,,2022-06-30 11:12:23+00:00
England,1903382054,Rami07777,1542464928199614465,,2022-06-30 11:08:12+00:00
England,1903382054,MamineBoud,1542465445470605313,,2022-06-30 11:10:15+00:00
England,1903382054,tuntunw12510945,1542464138772742144,,2022-06-30 11:05:03+00:00
England,1903382054,ModimonyanaT,1539214287192965120,"Rustenburg, South Africa",2022-06-21 11:51:23+00:00
England,1903382054,ibrakon64938343,1542463524840022016,,2022-06-30 11:02:45+00:00
England,1903382054,benfletcher116,1542464937653669888,,2022-06-30 11:08:00+00:00
England,1903382054,saidelris2,1542464966774722561,,2022-06-30 11:08:13+00:00
England,1903382054,ElspetySoka,1542464670635786242,,2022-06-30 11:07:05+00:00
England,1903382054,batisi_asemahle,1542464706887155715,,2022-06-30 11:07:07+00:00
England,1903382054,Amedusunday14,1542463205238345729,,2022-06-30 11:01:21+00:00
England,1903382054,Ezzatyasser17,1529729238064152576,,2022-05-26 07:41:12+00:00
England,1903382054,9DMqThXLEbUBGtd,1542464475575590912,,2022-06-30 11:06:15+00:00
England,1903382054,EmreSesay,1542463497858064385,,2022-06-30 11:04:41+00:00
England,1903382054,GaniuToheeb15,1542424619302490115,,2022-06-30 08:28:28+00:00
England,1903382054,SzyxSimo,1542463481051586560,,2022-06-30 11:02:37+00:00
England,1903382054,TeresaCoe121,1542442763588964352,,2022-06-30 09:40:00+00:00
England,1903382054,AlindaMtyalela3,1493291991962112002,,2022-02-14 18:32:24+00:00
England,1903382054,karlytheboos,1440075148904710145,,2021-09-20 22:07:46+00:00
England,1903382054,Lina91701403,1542463321793855488,,2022-06-30 11:01:42+00:00
England,1903382054,infinitysmall25,1542460782025342978,,2022-06-30 10:51:49+00:00
England,1903382054,Masangakalyamba,1542457907123572736,,2022-06-30 10:40:14+00:00
England,1903382054,HeshamE24100771,1542463168777261056,,2022-06-30 11:01:02+00:00
England,1903382054,Jlingz691,1418074709489446920,,2021-07-22 05:05:40+00:00
England,1903382054,TossouOliver,1542459829444304897,,2022-06-30 10:51:04+00:00
England,1903382054,KirstyW16708522,1542463274876297216,,2022-06-30 11:01:34+00:00
England,1903382054,Osas_Tk30,1537686742559608832,"Benin-City, Nigeria",2022-06-17 06:41:30+00:00
England,1903382054,MUSABILLY4,1538245960933036035,,2022-06-18 19:43:34+00:00
England,1903382054,Ahmedta19118320,1542461112888995840,,2022-06-30 10:53:17+00:00
England,1903382054,godswillin,1542459099828346880,"Enugu, Nigeria",2022-06-30 10:44:57+00:00
England,1903382054,glodilokilo41,1542460659245391872,,2022-06-30 10:51:26+00:00
England,1903382054,ahmdalsydalhwa2,1542460495457837057,,2022-06-30 10:50:31+00:00
England,1903382054,AlfrsanRbw,1542461940047437825,,2022-06-30 10:56:11+00:00
England,1903382054,CandaBoola,1542461073214697472,,2022-06-30 10:52:42+00:00
England,1903382054,CuteCut19926374,1529175459254177792,,2022-05-24 19:01:05+00:00
England,1903382054,Gabriel08363671,1542460650382938112,,2022-06-30 10:51:17+00:00
England,1903382054,JohnWil82122377,1542457324488499201,,2022-06-30 10:38:13+00:00
England,1903382054,Surajit180994,1542459118580932609,kolkata,2022-06-30 10:45:26+00:00
England,1903382054,ThuliDube14,1536060257042063362,,2022-06-12 18:58:39+00:00
England,1903382054,Chaima007869225,1542447970909671425,,2022-06-30 10:00:54+00:00
England,1903382054,l4dmiralxd,1542460893203767296,,2022-06-30 10:51:57+00:00
England,1903382054,zan54517714,1542461117137666048,,2022-06-30 10:52:53+00:00
England,1903382054,yosha31355514,1542460868683866113,,2022-06-30 10:52:00+00:00
England,1903382054,JTeaders,1542460116259201030,,2022-06-30 10:51:42+00:00
England,1903382054,Ramadhanben2102,1542456228395229184,,2022-06-30 10:33:39+00:00
England,1903382054,alan_newing,1542458669647929344,,2022-06-30 10:43:38+00:00
England,1903382054,mhmdash05280000,1542460655571271680,,2022-06-30 10:51:09+00:00
England,1903382054,Imo_tweets1,1542458531160498177,,2022-06-30 10:42:46+00:00
England,1903382054,BhekaniKhosu,1542459459552923649,,2022-06-30 10:46:45+00:00
England,1903382054,Laffite26fanNE,1336345091062063104,County Durham üè¥Û†ÅßÛ†Å¢Û†Å•Û†ÅÆÛ†ÅßÛ†Åø,2020-12-08 16:21:28+00:00
England,1903382054,Jose80030380,1502925903386619906,,2022-03-13 08:34:06+00:00
England,1903382054,NjebeniLevis,1176178203175657472,Meru- Kenya,2019-09-23 16:55:28+00:00
England,1903382054,BenjaminKayod18,1542458052858740738,"Auchi, Nigeria",2022-06-30 10:40:53+00:00
England,1903382054,Gaffy6837,1542456663789211649,,2022-06-30 10:35:21+00:00
England,1903382054,YeardsleyHarry,1542459392561381376,,2022-06-30 10:46:10+00:00
England,1903382054,ChidiebereIfea5,1520161766399004673,,2022-04-29 22:03:31+00:00
England,1903382054,skaap25599095,1542459470520909824,,2022-06-30 10:46:21+00:00
England,1903382054,KorirBeri,2767317833,Eldoret,2014-09-11 17:39:36+00:00
England,1903382054,adelbertnyenje1,1542452902710714368,,2022-06-30 10:20:42+00:00
England,1903382054,abwslta85093646,1542459642885902336,,2022-06-30 10:47:01+00:00
England,1903382054,Khaleddrift3ga1,1542459694710767616,,2022-06-30 10:47:19+00:00
England,1903382054,mrpalmer679,1542414461440499712,,2022-06-30 07:48:02+00:00
England,1903382054,swsw85532934,1542459528599445504,,2022-06-30 10:46:31+00:00
England,1903382054,SamutapeP,1542458554564710401,,2022-06-30 10:42:57+00:00
England,1903382054,doddi44,177202939,Reykjav√≠k,2010-08-11 14:33:34+00:00
England,1903382054,FilamanOrtega,1542457422505283584,,2022-06-30 10:38:28+00:00
England,1903382054,MILTONC38750011,1542458441247166465,,2022-06-30 10:42:26+00:00
England,1903382054,Martins81634702,1502675019188641805,,2022-03-12 15:57:10+00:00
England,1903382054,Richmon10909548,1536660122407161862,,2022-06-14 10:42:09+00:00
England,1903382054,ezekiatollex,1542457042119659520,,2022-06-30 10:37:08+00:00
England,1903382054,sdrazh,1542443840971341824,,2022-06-30 09:44:24+00:00
England,1903382054,RashaTa91112378,1542458778368581635,,2022-06-30 10:43:35+00:00
England,1903382054,clezzer01,1540746426216374272,,2022-06-25 17:19:25+00:00
England,1903382054,1lyes_krd,1542457778630959105,,2022-06-30 10:39:42+00:00
England,1903382054,Ibrahim37597378,1542457168682704897,,2022-06-30 10:37:53+00:00
England,1903382054,CHIDERA1413,1535974452219060226,,2022-06-12 13:17:26+00:00
England,1903382054,GatduolPuok,1542456175794552832,,2022-06-30 10:35:29+00:00
England,1903382054,chipsa_hero,1542457279454318592,,2022-06-30 10:37:52+00:00
England,1903382054,EssienRaphael,1542455309335150592,,2022-06-30 10:29:58+00:00
England,1903382054,SyabongaKingG,1542452256632709121,,2022-06-30 10:18:04+00:00
England,1903382054,Mohamed120160,1542454994846244864,,2022-06-30 10:28:43+00:00
England,1903382054,chadiii16,1542457140274761728,,2022-06-30 10:37:13+00:00
England,1903382054,AkellaBhargav,1542457644962779138,,2022-06-30 10:39:21+00:00
England,1903382054,NasiruM74583488,1542456030327701505,"Kano, Nigeria",2022-06-30 10:33:00+00:00
England,1903382054,bodjren1,1542455419746000896,,2022-06-30 10:30:26+00:00
England,1903382054,ZiblimM35208308,1542453405653901312,,2022-06-30 10:23:19+00:00
England,1903382054,AyomideBrightK2,1530474500013318149,,2022-05-28 09:02:32+00:00
England,1903382054,ayella_musa,2373590741,Hoima- Uganda,2014-03-01 18:02:24+00:00
England,1903382054,sportshubco,1539236657970483200,London,2022-06-21 13:21:39+00:00
England,1903382054,mhy_suli,1542455619470368774,,2022-06-30 10:31:15+00:00
England,1903382054,quophigeelo1956,1542454091770642438,,2022-06-30 10:26:39+00:00
England,1903382054,omogunloye5,1542215070742102017,,2022-06-29 18:35:34+00:00
England,1903382054,dammyyyd,1542454219587960832,,2022-06-30 10:25:33+00:00
England,1903382054,Estherbxmi,1542455250442981376,,2022-06-30 10:29:35+00:00
England,1903382054,iamchessyl_,2631481991,,2014-06-22 14:01:05+00:00
England,1903382054,Daniell65856752,1542455586348011522,,2022-06-30 10:30:58+00:00
England,1903382054,AbdoOsama52,1542452415471001600,,2022-06-30 10:18:33+00:00
England,1903382054,AbdulmuminAyom1,1328686953936662528,,2020-11-17 13:10:57+00:00
England,1903382054,AnyiamEmmanuel8,1542454878722727938,,2022-06-30 10:28:19+00:00
England,1903382054,AGABACO77227118,1542453716044972033,,2022-06-30 10:23:39+00:00
England,1903382054,JulieSt85820835,1542453821678518272,,2022-06-30 10:24:07+00:00
England,1903382054,LKashonele,1542450287549550592,,2022-06-30 10:10:15+00:00
England,1903382054,fcallen10,838777871124529153,Vereinigtes K√∂nigreich,2017-03-06 15:46:43+00:00
England,1903382054,Nanakwame_Eze,1542452689849704448,,2022-06-30 10:19:48+00:00
England,1903382054,Wandile42747557,1540339632382119938,,2022-06-24 14:22:58+00:00
England,1903382054,EagleMusic073,1542451952247881728,,2022-06-30 10:16:59+00:00
England,1903382054,AkiluKazaure79,396211436,,2011-10-22 22:45:48+00:00
England,1903382054,Asif42604019,1542449374441119745,,2022-06-30 10:06:22+00:00
England,1903382054,Oli16377634,1351350591226839048,,2021-01-19 02:07:50+00:00
England,1903382054,PulisicSeniorr,1277744114348556293,,2020-06-29 23:22:02+00:00
England,1903382054,Mphatso49686323,1419671877480599560,,2021-07-26 14:52:39+00:00
England,1903382054,OwusuGo59720656,1542452766945300481,,2022-06-30 10:19:46+00:00
England,1903382054,Olya920168792,1542454367550332928,,2022-06-30 10:26:11+00:00
England,1903382054,maimeraitam55,1541811334219984896,,2022-06-28 15:50:53+00:00
England,1903382054,Ryanpinder191,1542453736676769793,,2022-06-30 10:23:36+00:00
England,1903382054,gift_safi,1541104423237287937,,2022-06-26 17:02:07+00:00
England,1903382054,YO2LWx7Ie9qYgf3,1448608080149815307,,2021-10-14 11:14:32+00:00
England,1903382054,classicdjjoboy,1542452468998701060,,2022-06-30 10:18:36+00:00
England,1903382054,Igbatj,1542192989723922435,"Benue, Nigeria",2022-06-29 17:07:41+00:00
England,1903382054,MwakasegeSaid,1542450914719571968,,2022-06-30 10:13:11+00:00
England,1903382054,DAVIDMA13902586,1542451641575694336,,2022-06-30 10:15:45+00:00
England,1903382054,mea0522,1542448076421578752,,2022-06-30 10:01:10+00:00
England,1903382054,Elhasse10332308,1542451027177312261,,2022-06-30 10:13:07+00:00
England,1903382054,montherhmed,1542450226212077569,,2022-06-30 10:09:42+00:00
England,1903382054,zercky_d,1542451873231372289,,2022-06-30 10:16:24+00:00
England,1903382054,angeloynrd,1542451112351072256,,2022-06-30 10:13:15+00:00
England,1903382054,Kwabena63362591,1540259003942453248,,2022-06-24 09:02:41+00:00
England,1903382054,kurdydesir3,1542451858677153792,,2022-06-30 10:16:20+00:00
England,1903382054,iamSandy111420,1542446047435190273,,2022-06-30 09:53:57+00:00
England,1903382054,IzooRop,1542451650513838080,,2022-06-30 10:15:30+00:00
England,1903382054,yoonisismail6,1542448990716829705,,2022-06-30 10:05:00+00:00
England,1903382054,RileyCutter2,1527391382184271873,,2022-05-19 20:51:11+00:00
England,1903382054,Ahmedaz78920484,1542449114755043328,,2022-06-30 10:05:33+00:00
England,1903382054,JUNAIDJ28512086,1542450496006303746,,2022-06-30 10:10:54+00:00
England,1903382054,jlanke432,581984924,"Far Hills, NJ",2012-05-16 16:49:02+00:00
England,1903382054,Geraldo48003868,1542451442925113344,,2022-06-30 10:14:24+00:00
England,1903382054,Gideon10508862,1542449711361277954,,2022-06-30 10:08:22+00:00
England,1903382054,TahriMelek,1542451026321702913,,2022-06-30 10:12:50+00:00
England,1903382054,GeorgeBreezie,1537698647806197760,"London, England",2022-06-17 07:28:28+00:00
England,1903382054,Onyeka39839987,1489157165642309641,,2022-02-03 08:42:11+00:00
England,1903382054,AlatiseAhmed2,740771359349956608,"Lagos, Nigeria",2016-06-09 05:03:49+00:00
England,1903382054,FatickChmedda,1361367089836027908,,2021-02-15 17:29:57+00:00
England,1903382054,lion3090,1388235999055130637,,2021-04-30 20:57:24+00:00
England,1903382054,jaynehughes0123,1542437543026868224,,2022-06-30 09:19:51+00:00
England,1903382054,ReneResucitado,1542447873920491530,,2022-06-30 10:00:20+00:00
England,1903382054,MrGentl19034346,1525562918128918528,,2022-05-14 19:45:38+00:00
England,1903382054,FuadSulaimon200,1542449271349428225,,2022-06-30 10:05:57+00:00
England,1903382054,Abdullahi1919,1539657566917218307,,2022-06-22 17:12:36+00:00
England,1903382054,Elimin8Pest,1542449466057363457,,2022-06-30 10:06:49+00:00
England,1903382054,Olatnice,593548754,,2012-05-29 09:36:57+00:00
England,1903382054,RhysKennett00,1542448812270227457,,2022-06-30 10:04:07+00:00
England,1903382054,alphan_abdarah,1542447309010747392,,2022-06-30 09:59:55+00:00
England,1903382054,Davidoj94933811,1542448033333395456,,2022-06-30 10:01:11+00:00
England,1903382054,busoliez,1542447081578762245,,2022-06-30 09:57:26+00:00
England,1903382054,El51812604Ahmed,1539860308730208257,,2022-06-23 06:38:26+00:00
England,1903382054,Oladime20047694,1542446241509941249,,2022-06-30 09:54:17+00:00
England,1903382054,quen_ha,1542448817194377217,,2022-06-30 10:04:13+00:00
England,1903382054,CiaranM_1204,1542431252308959233,,2022-06-30 08:54:17+00:00
England,1903382054,Collins72226707,1220433961454899200,,2020-01-23 19:52:02+00:00
England,1903382054,LindsayUdell1,1542448455968243713,,2022-06-30 10:04:21+00:00
England,1903382054,obah0905,1542445859203387396,,2022-06-30 09:52:33+00:00
England,1903382054,sheikh_shihab7,1541824826251235330,"Dhaka, Bangladesh",2022-06-28 16:45:59+00:00
England,1903382054,AllyZulu001,876181004,"Doha, Qatar",2012-10-12 18:39:04+00:00
England,1903382054,JMJclassic,1542435884041109504,,2022-06-30 09:17:04+00:00
England,1903382054,MurtalaHamza13,1542442814927249409,,2022-06-30 09:41:08+00:00
England,1903382054,Mohamed49408591,1477077496491384842,,2022-01-01 00:42:20+00:00
England,1903382054,Humanmagar65,1542350746284343298,,2022-06-30 03:34:36+00:00
England,1903382054,DariloGigli,1444643767777169411,,2021-10-03 12:41:53+00:00
England,1903382054,mina99346528,1542445631008129026,,2022-06-30 09:51:56+00:00
England,1903382054,AhmedNo12307036,1542249229497864194,,2022-06-29 20:51:05+00:00
England,1903382054,na_Fatimah1,1542445054572240896,,2022-06-30 09:49:08+00:00
England,1903382054,Cheikhou1305,1542445512493862914,,2022-06-30 09:51:17+00:00
England,1903382054,AllenTa33997983,1542445337238962176,,2022-06-30 09:51:06+00:00
England,1903382054,Mike29697390,1542445263209504768,,2022-06-30 09:50:12+00:00
England,1903382054,rusmans63278906,1542445721600655361,,2022-06-30 09:52:01+00:00
England,1903382054,ToyyibAdesina,1542439986187931648,,2022-06-30 09:29:15+00:00
England,1903382054,GustavoAlarco33,1542443002584391680,,2022-06-30 09:41:25+00:00
England,1903382054,BILGRAMEKAGALI,2174352045,vihiga county,2013-11-09 11:03:55+00:00
England,1903382054,MarttiShivute,1542444397442338818,,2022-06-30 09:49:04+00:00
England,1903382054,AbuuFaozeeyart,1542444229670195201,,2022-06-30 09:46:13+00:00
England,1903382054,JulieCarvell2,1542445774021222401,,2022-06-30 09:52:27+00:00
England,1903382054,SamuelB74210035,1542444734597193734,,2022-06-30 09:48:05+00:00
England,1903382054,PeterChachari,1542444420909486080,,2022-06-30 09:46:38+00:00
England,1903382054,WingLeongLi1,1542445746523348993,,2022-06-30 09:52:07+00:00
England,1903382054,seth_1867,1542444548814770176,,2022-06-30 09:47:08+00:00
England,1903382054,NicKinsella,1542446033245986817,,2022-06-30 09:53:08+00:00
England,1903382054,longtaphen,1542445057110077441,,2022-06-30 09:49:33+00:00
England,1903382054,KelvinL17677700,1542444444707954688,,2022-06-30 09:46:42+00:00
England,1903382054,1048_50s,1542444296212623362,,2022-06-30 09:46:18+00:00
England,1903382054,Kyle5789754,1542440549000560642,"England, United Kingdom",2022-06-30 09:31:06+00:00
England,1903382054,Otu2003,1542444403981172739,,2022-06-30 09:47:16+00:00
England,1903382054,BainsShela,1542444272179347456,,2022-06-30 09:46:04+00:00
England,1903382054,Abarejr400,1535609287157874691,,2022-06-11 13:08:28+00:00
England,1903382054,DrStudsky,174592239,"London,Uk",2010-08-04 09:08:50+00:00
England,1903382054,bassem_shazly7,1542442815938072576,,2022-06-30 09:40:26+00:00
England,1903382054,onyango_1,1243551831311224833,,2020-03-27 14:54:08+00:00
England,1903382054,Ayem14843870,1542444740981006339,,2022-06-30 09:47:53+00:00
England,1903382054,Zorovxch,1220753329422327809,Berkshire England,2020-01-24 17:01:09+00:00
England,1903382054,PasquettiJacopo,1542433020786999296,Italia,2022-06-30 09:01:33+00:00
England,1903382054,bob91344483,1542442547322175489,,2022-06-30 09:39:16+00:00
England,1903382054,TuhekAaron,1489021757843517441,"Kaduna, Nigeria",2022-02-02 23:44:16+00:00
England,1903382054,WycleefS,1352472309454532608,,2021-01-22 04:25:27+00:00
England,1903382054,LilPriince_Za,1542441915748155392,,2022-06-30 09:38:57+00:00
England,1903382054,nellydata34,1497535814259154956,,2022-02-26 11:35:55+00:00
England,1903382054,Venkatavenu8,1314126612229750784,,2020-10-08 08:53:43+00:00
England,1903382054,wahkalastborn72,1542440150445301764,,2022-06-30 09:29:37+00:00
England,1903382054,hewittharry15,1542442900738514946,,2022-06-30 09:40:32+00:00
England,1903382054,AhmedSa19994082,1542441571383218178,,2022-06-30 09:35:21+00:00
England,1903382054,riyan_hasan18,1508922319191695360,,2022-03-29 21:42:10+00:00
England,1903382054,ThomsonHenry9,1542441881103224832,,2022-06-30 09:36:47+00:00
England,1903382054,Dozie83385683,1542425585221517317,,2022-06-30 08:32:33+00:00
England,1903382054,ElhadjiDiawNOU1,1482514347234574337,,2022-01-16 00:46:07+00:00
England,1903382054,phechrrinthrbu1,1536510862348824576,,2022-06-14 00:48:46+00:00
England,1903382054,_VarunKv_,1542440092882857985,,2022-06-30 09:29:38+00:00
England,1903382054,Ryanmfc9,1542442526803730432,,2022-06-30 09:39:04+00:00
England,1903382054,Mohamed82379781,1542440507200110592,,2022-06-30 09:31:39+00:00
England,1903382054,rupiyamighty1,1537340001964412928,,2022-06-16 07:43:51+00:00
England,1903382054,Buicongque0201,1542341998858076161,,2022-06-30 02:59:43+00:00
England,1903382054,busiku21241717,1542152617672974336,,2022-06-29 14:27:43+00:00
England,1903382054,Aleqsanyan_gk1,1542441458480947202,,2022-06-30 09:34:59+00:00
England,1903382054,owen_kinnin,1542439914855436289,,2022-06-30 09:28:36+00:00
England,1903382054,Mrpac901,1496157328361537544,"Abuja, Nigeria",2022-02-22 16:18:35+00:00
England,1903382054,Clarky554,1542440130710994950,,2022-06-30 09:29:28+00:00
England,1903382054,phoenix_portch1,1542441186627035137,,2022-06-30 09:33:41+00:00
England,1903382054,MikyleRass,1483367332491710466,,2022-01-18 09:15:19+00:00
England,1903382054,AKEEM44086290,1542439403510964225,,2022-06-30 09:27:00+00:00
England,1903382054,hoshikawa0712,937579464820539392,Êó•Êú¨,2017-12-04 07:08:58+00:00
England,1903382054,fern29127115,1379392596661927938,,2021-04-06 11:16:46+00:00
England,1903382054,MOHAMED50898413,1537175903318450177,,2022-06-15 20:51:23+00:00
England,1903382054,BearsSneaky,1398780417738743808,,2021-05-29 23:17:14+00:00
England,1903382054,BsdQodri,1542440925561081856,,2022-06-30 09:32:57+00:00
England,1903382054,victorsanusi21,1542437419336843265,,2022-06-30 09:18:53+00:00
England,1903382054,adziromain,1542439102414524417,,2022-06-30 09:25:43+00:00
England,1903382054,FuadHas23590600,1542439297277603840,,2022-06-30 09:26:21+00:00
England,1903382054,MesrarYouness,1542438633701007362,,2022-06-30 09:23:32+00:00
England,1903382054,Ariffzz18,1542438251541458945,,2022-06-30 09:22:05+00:00
England,1903382054,Lojay32,1542435401842950145,"Texas, USA",2022-06-30 09:10:46+00:00
England,1903382054,PabloEs89215888,1542439065273991168,"Accra, Ghana",2022-06-30 09:25:17+00:00
England,1903382054,penguin_playz,1542439626773860352,,2022-06-30 09:27:35+00:00
England,1903382054,SADAM17353443,1542437530091622400,,2022-06-30 09:20:14+00:00
England,1903382054,ARIFULMOLLA8,876624601022943232,Canning,2017-06-19 02:16:06+00:00
England,1903382054,HollaHo85511655,1288540459204333568,,2020-07-29 18:22:58+00:00
England,1903382054,MangandaTsepo,1542438583361044480,,2022-06-30 09:23:51+00:00
England,1903382054,TheRetiredBF,1509124254721359880,"Katlehong, South Africa",2022-03-30 11:04:26+00:00
England,1903382054,rayanhamids928,1542438869492269056,,2022-06-30 09:24:47+00:00
England,1903382054,Vincent34648870,1542437577470394368,,2022-06-30 09:19:46+00:00
England,1903382054,kwakye_jaden,1540274076933132288,,2022-06-24 10:02:24+00:00
England,1903382054,daniel13va15,1542437574685368322,,2022-06-30 09:19:31+00:00
England,1903382054,hainam236,2967679864,"Hanoi, Vietnam",2015-01-08 11:41:52+00:00
England,1903382054,AndrewToft14,1542438546245656578,,2022-06-30 09:23:34+00:00
England,1903382054,olawazzy2,1542437463519596546,,2022-06-30 09:18:59+00:00
England,1903382054,CfcSavage3,1542438431996919809,,2022-06-30 09:22:44+00:00
England,1903382054,AbayomiFelix01,1542437178764050438,,2022-06-30 09:17:56+00:00
England,1903382054,EdenDenish1,1542437529957421057,,2022-06-30 09:19:19+00:00
England,1903382054,AXfriday,1519517453197447168,,2022-04-28 03:23:06+00:00
England,1903382054,daouda10444515,1542420556418613250,,2022-06-30 08:11:50+00:00
England,1903382054,BahKortinnie,1542434858366111744,,2022-06-30 09:08:56+00:00
England,1903382054,o_bossis,1469209601161707523,,2021-12-10 07:41:01+00:00
England,1903382054,wilko170803,1542437859310845954,,2022-06-30 09:20:33+00:00
England,1903382054,Harkira50577427,1542436595143434241,,2022-06-30 09:15:30+00:00
England,1903382054,RakibulRatul3,1217042760148115458,"Dhaka, Bangladesh",2020-01-14 11:16:39+00:00
England,1903382054,NoahBossOG,1542434704783204352,,2022-06-30 09:07:52+00:00
England,1903382054,kasuwa_muhammad,1489673037821714434,,2022-02-04 18:53:39+00:00
England,1903382054,AmirDjebbar7,1542435918883291137,,2022-06-30 09:13:07+00:00
England,1903382054,AryhaniSutry,1542435214487474177,,2022-06-30 09:10:09+00:00
England,1903382054,Jadhamed10,1542435544789143552,,2022-06-30 09:11:30+00:00
England,1903382054,Abdurra68976889,1542433674397990912,,2022-06-30 09:03:59+00:00
England,1903382054,japhar93390888,1542433961099542529,,2022-06-30 09:05:35+00:00
England,1903382054,Alexbar65268606,1542433080115339265,,2022-06-30 09:02:21+00:00
England,1903382054,Alex_rqz,1542432139483963394,,2022-06-30 08:58:34+00:00
England,1903382054,AlexAnnang10,1542190395781783553,,2022-06-29 16:57:21+00:00
England,1903382054,Dipskay1,1542434631840145409,,2022-06-30 09:07:43+00:00
England,1903382054,Mitchdawg21,1542436052681498624,,2022-06-30 09:13:15+00:00
England,1903382054,Alimamy68179982,1542433528750768128,,2022-06-30 09:03:37+00:00
England,1903382054,Tarantiiiiinoo,1529401549750935552,,2022-05-25 09:58:58+00:00
England,1903382054,Elmonah11,1542435183185592320,,2022-06-30 09:10:15+00:00
England,1903382054,KijanaJuicy,1542434804154929154,Nairobi ,2022-06-30 09:08:33+00:00
England,1903382054,Abhiram86567330,1542432923739049984,,2022-06-30 09:01:09+00:00
England,1903382054,kryton07,1542431141512286213,,2022-06-30 08:54:05+00:00
England,1903382054,rsa_kabelo_,1542433489768808448,,2022-06-30 09:03:13+00:00
England,1903382054,SKelly7777777,1542435738570080257,,2022-06-30 09:12:10+00:00
England,1903382054,Whoarey01619309,1542434872060411905,,2022-06-30 09:08:48+00:00
England,1903382054,ochepreacher,1542432186380554240,,2022-06-30 08:58:27+00:00
England,1903382054,TshokeyDorji999,1542433767683682305,,2022-06-30 09:04:15+00:00
England,1903382054,AmaraDesmond3,1542433542931714049,,2022-06-30 09:03:51+00:00
England,1903382054,abdo42268842,1542231562632265734,,2022-06-29 19:41:14+00:00
England,1903382054,ogbugo5452,855377802203365378,"Lagos, Nigeria",2017-04-21 11:08:54+00:00
England,1903382054,Santasolo2,1542431406718066690,,2022-06-30 08:54:57+00:00
England,1903382054,FalajikiOmowumi,1541056166045929472,,2022-06-26 13:50:20+00:00
England,1903382054,Marwan82691927,1542433522224357377,,2022-06-30 09:03:22+00:00
England,1903382054,RylieSiddall,1542433945643618304,,2022-06-30 09:04:57+00:00
England,1903382054,Kathlee23024533,1542427098916306944,,2022-06-30 08:40:23+00:00
England,1903382054,Harry278_,1519081842787426305,,2022-04-26 22:31:57+00:00
England,1903382054,marrySm80885317,1542431218993700866,,2022-06-30 08:54:23+00:00
England,1903382054,branch861,1542422637355360257,,2022-06-30 08:20:06+00:00
England,1903382054,Wincior_Szef,1542432845767086081,,2022-06-30 09:00:38+00:00
England,1903382054,wallashealeem,1542240302748016641,,2022-06-29 20:16:02+00:00
England,1903382054,hhhhmmm8900,1432245134930894850,,2021-08-30 07:34:00+00:00
England,1903382054,theBeachBenz30,1542424809518284801,,2022-06-30 08:28:38+00:00
England,1903382054,benon_semanda,1542429312795688961,,2022-06-30 08:49:41+00:00
England,1903382054,anditsDickov,1542431902325415936,Somewhere,2022-06-30 08:56:58+00:00
England,1903382054,alecfiler22,1542432908719292417,,2022-06-30 09:00:46+00:00
England,1903382054,Mason_Mo_8,1542420390735417344,Thailand,2022-06-30 08:11:03+00:00
England,1903382054,BrightOrochi,1542431108742234112,,2022-06-30 08:54:12+00:00
England,1903382054,p_mavocal,1542430777677316096,,2022-06-30 08:52:23+00:00
England,1903382054,Lillypadgaming1,1542430730952777728,"Scotland, United Kingdom",2022-06-30 08:52:25+00:00
England,1903382054,SaadDkr,1542431482383302656,,2022-06-30 08:55:06+00:00
England,1903382054,Babra_W_NFT,1525085267228512257,Ukraine,2022-05-13 12:07:42+00:00
England,1903382054,FPL_Khasi,1542430983416578049,,2022-06-30 08:53:12+00:00
England,1903382054,MhamedTidjani,1542430859420106754,,2022-06-30 08:53:10+00:00
England,1903382054,NaniBtc,1542431189839011842,,2022-06-30 08:54:17+00:00
England,1903382054,jam3ssm1th1,1542428849039892480,,2022-06-30 08:48:16+00:00
England,1903382054,joseph_vady,1541388325906522113,,2022-06-27 11:50:42+00:00
England,1903382054,IAzZaI3,1542432445949165568,,2022-06-30 08:59:08+00:00
England,1903382054,Sheddy233,1542430265884147713,,2022-06-30 08:50:33+00:00
England,1903382054,akml_daniel06,1542419166917165056,,2022-06-30 08:06:19+00:00
England,1903382054,archie_melbin,1354017950882271233,,2021-01-26 10:47:05+00:00
England,1903382054,AChiicha06,1542428974185324550,,2022-06-30 08:45:15+00:00
England,1903382054,malesa_media,865431553140072448,"Temba, South Africa",2017-05-19 04:58:56+00:00
England,1903382054,Olamile90377647,1536392419234693120,,2022-06-13 16:58:30+00:00
England,1903382054,ilhadmammadli,1126095505040211969,Aserbaidschan,2019-05-08 12:04:25+00:00
England,1903382054,michaelsmyth85,715894304,"Mytchett, Surrey",2012-07-25 11:05:44+00:00
England,1903382054,jameskim_kahih,1542428743205093376,,2022-06-30 08:44:47+00:00
England,1903382054,NorteyeIsaac,4634292689,,2015-12-28 17:06:33+00:00
England,1903382054,ll778890,1542222992733863940,Jeddah,2022-06-29 19:06:51+00:00
England,1903382054,007Inv_Xander,1542425391327059969,,2022-06-30 08:31:16+00:00
England,1903382054,avante809,1542429577368051712,,2022-06-30 08:47:46+00:00
England,1903382054,ConorBarrett93,1542430191418593282,,2022-06-30 08:50:02+00:00
England,1903382054,KareemE69459128,1484624068049571853,,2022-01-21 20:29:27+00:00
England,1903382054,OnojaIdowu,1542429315257729026,,2022-06-30 08:47:05+00:00
England,1903382054,NgaromboS,1446759214345502721,"Nebbi, Uganda",2021-10-09 08:47:57+00:00
England,1903382054,RealYenx,1542428668135342082,,2022-06-30 08:43:59+00:00
England,1903382054,OrHakmon,1534896789626707968,,2022-06-09 13:55:17+00:00
England,1903382054,Francis_fy7272,1522756253465862146,,2022-05-07 01:53:01+00:00
England,1903382054,TaireClinton,1537791166317531138,,2022-06-17 13:36:22+00:00
England,1903382054,MasebeLilian,1542429202305228801,,2022-06-30 08:46:13+00:00
England,1903382054,Michael69230512,1542428030336909313,,2022-06-30 08:41:54+00:00
England,1903382054,phyoaun90188891,1542428846057979904,,2022-06-30 08:44:54+00:00
England,1903382054,Katlego_za_,1542425059712704514,,2022-06-30 08:29:43+00:00
England,1903382054,Travispeter009,1539927249138466816,,2022-06-23 11:04:16+00:00
England,1903382054,4kt_milly,1542427318475538432,,2022-06-30 08:38:49+00:00
England,1903382054,ObriezeOfficial,1542427226863443969,,2022-06-30 08:38:28+00:00
England,1903382054,benjami66321700,1542426530256666624,KlNTAMPO BONO EAST GHANA ,2022-06-30 08:36:00+00:00
England,1903382054,ely_jahh,1542427184555499520,,2022-06-30 08:38:14+00:00
England,1903382054,qwaku_williams,1542423118408556545,,2022-06-30 08:22:36+00:00
England,1903382054,Nick49048401,1361769520638136324,,2021-02-16 20:09:05+00:00
England,1903382054,MaryMor76855256,1542426873409556481,,2022-06-30 08:37:07+00:00
England,1903382054,Russell95257605,1493625526203863041,,2022-02-15 16:38:05+00:00
England,1903382054,OseiBarimah5,1542422278021042183,,2022-06-30 08:19:05+00:00
England,1903382054,Charlie81784208,1512271127573405700,,2022-04-08 03:31:56+00:00
England,1903382054,CalicabdiCalic1,1542428288806789121,,2022-06-30 08:42:28+00:00
England,1903382054,JayiUmaru,1542423141737271297,,2022-06-30 08:22:32+00:00
England,1903382054,MaryNathalina,1542427495915573248,,2022-06-30 08:39:30+00:00
England,1903382054,Leopard07545198,1542426880556539904,,2022-06-30 08:36:50+00:00
England,1903382054,lilbrow97623336,1542426847228694529,,2022-06-30 08:36:43+00:00
England,1903382054,Castro60372825,1522283034908708869,,2022-05-05 18:32:43+00:00
England,1903382054,LilCube17,1542425335194607618,,2022-06-30 08:30:51+00:00
England,1903382054,Marcelo61702952,1542424436049051648,,2022-06-30 08:27:12+00:00
England,1903382054,Ani_daberechi2,1374285429596430336,,2021-03-23 09:02:54+00:00
England,1903382054,ezrey_bin,1542425298565681157,,2022-06-30 08:31:05+00:00
England,1903382054,BQwacy,944450088277028864,Ofankor,2017-12-23 06:10:22+00:00
England,1903382054,Mahmoud52342154,1542423873517387778,,2022-06-30 08:25:13+00:00
England,1903382054,DINHO20063824,1542424420106518528,,2022-06-30 08:27:18+00:00
England,1903382054,LassRakii,1525307368078188545,,2022-05-14 02:50:08+00:00
England,1903382054,TAshlafu,1542416732861747201,,2022-06-30 07:58:47+00:00
England,1903382054,Sta4d4,1537907378426785793,,2022-06-17 21:18:21+00:00
England,1903382054,yedbee1,1480109872221863936,,2022-01-09 09:31:40+00:00
England,1903382054,Mimindimimkenya,1542422850132377606,,2022-06-30 08:22:20+00:00
England,1903382054,DanielHulk122,1542423965976723457,,2022-06-30 08:25:49+00:00
England,1903382054,KebilaNuvy,1528286840792432642,,2022-05-22 08:09:31+00:00
England,1903382054,ltothai18,1542424982151897089,Vietnam,2022-06-30 08:29:31+00:00
England,1903382054,kadetekarlos,1542419010402209792,Zamboanga Del Norte,2022-06-30 08:05:43+00:00
England,1903382054,mia_turner_07,1479125962340151299,,2022-01-06 16:21:37+00:00
England,1903382054,TunnalW,1542420635221168129,,2022-06-30 08:12:40+00:00
England,1903382054,wisesayings100,1542423727224266752,"Nairobi, Kenya",2022-06-30 08:24:30+00:00
England,1903382054,melano_jennifer,1541128466883543042,Nigeria,2022-06-26 19:12:25+00:00
England,1903382054,itsminny3,994224817506152454,"Â§©Ê¥•, ‰∏≠Âçé‰∫∫Ê∞ëÂÖ±ÂíåÂõΩ",2018-05-09 14:37:23+00:00
England,1903382054,ElricNine1,1538007352087289856,,2022-06-18 03:55:18+00:00
England,1903382054,KarlTrueman3,1542422395159515136,,2022-06-30 08:19:19+00:00
England,1903382054,albertwayo3,1542420885499514886,,2022-06-30 08:13:20+00:00
England,1903382054,njpctfc87,1542423995357749248,,2022-06-30 08:25:35+00:00
England,1903382054,ElleglDollr1,1542422566698160129,,2022-06-30 08:19:57+00:00
England,1903382054,ouma_ouma2,1541505441989070848,,2022-06-27 19:36:27+00:00
England,1903382054,TimilehinBless3,1542248891218812930,"Ogbomosho, Nigeria",2022-06-29 20:49:41+00:00
England,1903382054,FeraolEdosa,1521734983685181440,,2022-05-04 06:15:04+00:00
England,1903382054,Emeka026,1525824945380548610,,2022-05-15 13:06:55+00:00
England,1903382054,sufian_sadak,1542422636017635329,,2022-06-30 08:20:17+00:00
England,1903382054,josujebin,1542421925137612800,,2022-06-30 08:17:26+00:00
England,1903382054,sheelkharbandaa,1542410230927360000,,2022-06-30 07:30:44+00:00
England,1903382054,Andy_x_Cole1,1542107797726396417,Sierra Leone,2022-06-29 11:28:58+00:00
England,1903382054,jonnybalive,1542423813668872194,,2022-06-30 08:24:42+00:00
England,1903382054,ClarenceBedell1,1542421853418954753,,2022-06-30 08:17:13+00:00
England,1903382054,eugentabacu8,1542422217891450880,,2022-06-30 08:19:25+00:00
England,1903382054,thushan_1,1259427532971094017,,2020-05-10 10:18:30+00:00
England,1903382054,mshirighga,1542418689881956352,,2022-06-30 08:04:42+00:00
England,1903382054,Harvey57874803,1542422434590203907,,2022-06-30 08:19:18+00:00
England,1903382054,basheer_ms9,1437855052950028288,,2021-09-14 19:05:59+00:00
England,1903382054,bebe_gee_junior,1226257481053212673,,2020-02-08 21:32:50+00:00
England,1903382054,jdb06127525,1542423056701919232,,2022-06-30 08:22:00+00:00
England,1903382054,PrksCity1,1542420996245839873,,2022-06-30 08:16:09+00:00
England,1903382054,marufraj1919,4280727492,kualalumpur,2015-11-18 17:03:10+00:00
England,1903382054,nhatanhhuynhdo,1477146900415451136,,2022-01-01 05:17:32+00:00
England,1903382054,Abdulka02686760,1542160092312879107,,2022-06-29 14:57:25+00:00
England,1903382054,jonnymcn,1542414089875603457,,2022-06-30 07:46:27+00:00
England,1903382054,peace10223815,1542241178925539336,,2022-06-29 20:19:01+00:00
England,1903382054,VKargobai,1542418914252132355,,2022-06-30 08:06:11+00:00
England,1903382054,sleepjancarlos,1542421470978211841,,2022-06-30 08:15:18+00:00
England,1903382054,Clement44754336,1542421401466028032,,2022-06-30 08:16:37+00:00
England,1903382054,sharondejimmy,1511962515982499840,"Daressalam, Tansania",2022-04-07 07:02:32+00:00
England,1903382054,almzban_mran,1541150807659368450,,2022-06-26 20:06:30+00:00
England,1903382054,airwua,1542420975056310273,ÿßŸÑŸÇÿßŸáÿ±ÿ©,2022-06-30 08:13:20+00:00
England,1903382054,CyrilUmahi,905891660,,2012-10-26 12:23:52+00:00
England,1903382054,yasmeen14915941,1542420753953554432,ŸÖÿµÿ±,2022-06-30 08:12:29+00:00
England,1903382054,Mohamad43715065,1423731200838062084,,2021-08-06 19:42:51+00:00
England,1903382054,AtoEmma10,1542419906372816897,,2022-06-30 08:09:26+00:00
England,1903382054,P74564555Dipesh,1542417919212126209,,2022-06-30 08:01:28+00:00
England,1903382054,oladim_10,1542383461297684487,,2022-06-30 05:44:38+00:00
England,1903382054,AlexGbenga5,1542419435994202112,,2022-06-30 08:07:38+00:00
England,1903382054,chesco2223,1542418069707948032,,2022-06-30 08:02:05+00:00
England,1903382054,_defnedemir,1365672058508742658,,2021-02-27 14:36:16+00:00
England,1903382054,Michael04548598,1542417768598888453,"Ikuata, Nigeria",2022-06-30 08:01:10+00:00
England,1903382054,mbaruPa87920084,1542417783895490560,,2022-06-30 08:00:57+00:00
England,1903382054,Emmanue17929421,1542417198609797121,,2022-06-30 07:58:25+00:00
England,1903382054,spzgWbyJMOKzHab,1542416805041696768,,2022-06-30 07:57:23+00:00
England,1903382054,s1987m1999,1068154418179260417,,2018-11-29 14:47:13+00:00
England,1903382054,WuodFunyula,1542416631460237312,,2022-06-30 07:56:11+00:00
England,1903382054,SoumikM77975416,1542416778512388096,,2022-06-30 07:57:16+00:00
England,1903382054,Kholoud98182045,1542418645925650432,ŸÖÿµÿ±,2022-06-30 08:04:07+00:00
England,1903382054,NWACHUK68720652,1542417553674452993,,2022-06-30 08:00:01+00:00
England,1903382054,varcoe_charlie,1542418734144536577,,2022-06-30 08:04:36+00:00
England,1903382054,ab31015021,1541407850366488577,,2022-06-27 13:08:01+00:00
England,1903382054,SaintAmongUs115,1542418607187050497,,2022-06-30 08:04:10+00:00
England,1903382054,ArgutArgut1,1542406915052937222,,2022-06-30 07:17:49+00:00
England,1903382054,JacobLongson,1542417424758325251,,2022-06-30 07:59:46+00:00
England,1903382054,gianlucapizzi67,1536964586699644931,,2022-06-15 06:51:38+00:00
England,1903382054,Freyas061,1542418131423051777,,2022-06-30 08:02:47+00:00
England,1903382054,hllyldztekin,1354177827076255746,,2021-01-26 21:22:22+00:00
England,1903382054,daroor_siciid,1542416919856283651,,2022-06-30 07:57:22+00:00
England,1903382054,JoshuaB64309188,1542415001780195328,,2022-06-30 07:50:02+00:00
England,1903382054,allenyooung,1542417773992857601,,2022-06-30 08:00:39+00:00
England,1903382054,AdebayorOkey,1488172725529198594,,2022-01-31 15:32:28+00:00
England,1903382054,Queens56878299,1416447560059957251,,2021-07-17 17:19:57+00:00
England,1903382054,SwaburMubiru,1362502142360248331,,2021-02-18 20:40:25+00:00
England,1903382054,stephen_ajik,1542411747822370819,,2022-06-30 07:37:12+00:00
England,1903382054,isackaitommy,1537894423391895555,,2022-06-17 20:27:15+00:00
England,1903382054,o_falope,1542407175565463555,,2022-06-30 07:19:01+00:00
