account_name,account_id,follower_username,follower_id
frenchteam,938455940306817025,HotIceDC,1539642539359322113
frenchteam,938455940306817025,KalinPaulse,2962872796
frenchteam,938455940306817025,UsmanAb68017701,1537507702146048002
frenchteam,938455940306817025,pole397,241245973
frenchteam,938455940306817025,CiccioTria,1535703841370476545
frenchteam,938455940306817025,mkililiy,1535801550186385408
frenchteam,938455940306817025,d22fa7ab55c3446,3189538035
frenchteam,938455940306817025,MumuniGaniyu3,1533010501575352326
frenchteam,938455940306817025,Patyrrr3,884141766638743552
frenchteam,938455940306817025,yeukiemtriet,1534196858729340928
frenchteam,938455940306817025,EAdiko,1389835849395752962
frenchteam,938455940306817025,Sou82063474,1539606953311232006
frenchteam,938455940306817025,hieuthetuyen,1535685912767905793
frenchteam,938455940306817025,huyenthiengio,1536388032508854272
frenchteam,938455940306817025,OmarElgayar12,1249846995780542466
frenchteam,938455940306817025,winai25541610,1233567669611139072
frenchteam,938455940306817025,Nasuruissa1,1539592473789489153
frenchteam,938455940306817025,TarekMa96214996,1525165082736467968
frenchteam,938455940306817025,RonoMestapha,1498504787096186881
frenchteam,938455940306817025,aimran4455,1618235666
frenchteam,938455940306817025,diepminhcang,1536391005926486016
frenchteam,938455940306817025,CarabeyIbraahi1,1531959635242000385
frenchteam,938455940306817025,NicholasBalfour,1487507226134827015
frenchteam,938455940306817025,papazola_2020,1519470365356953601
frenchteam,938455940306817025,KafiAmin1,1307401069949906946
frenchteam,938455940306817025,g_kostakoglou,1475512697068396555
frenchteam,938455940306817025,jo_jabir,1439356067666857990
frenchteam,938455940306817025,mathieu_hakda,1524761407841001472
frenchteam,938455940306817025,YKKanime337,1444656105204994048
frenchteam,938455940306817025,Bryanna74231533,1449354904250748928
frenchteam,938455940306817025,Asysyami01,1422925612054827008
frenchteam,938455940306817025,GugulethuBranch,510274300
frenchteam,938455940306817025,AlaseBenicio,1481890431386464257
frenchteam,938455940306817025,Alwande348,1511115988636475398
frenchteam,938455940306817025,SanPapeMassar1,1479458852210941958
frenchteam,938455940306817025,AdityaR31330921,1539289942849105920
frenchteam,938455940306817025,SadiqBalarabeA4,1502332490861662214
frenchteam,938455940306817025,ReeseWi25751875,1517395837621518336
frenchteam,938455940306817025,0RN683VgDUkz8RW,1532372394094075905
frenchteam,938455940306817025,akesse_mondon,1486893317891706881
frenchteam,938455940306817025,mohamed04923134,1310274352710062083
frenchteam,938455940306817025,PabloFe96696206,1536895509398441984
frenchteam,938455940306817025,Moonlig48959324,1536785079086759938
frenchteam,938455940306817025,HOLYBOY17083704,1372065818528382978
frenchteam,938455940306817025,Abdulla09594243,1325781419914911744
frenchteam,938455940306817025,ujunwa_elijah,1500894549350227974
frenchteam,938455940306817025,JoseMaria0808,1510663474027933699
frenchteam,938455940306817025,KATIHABWAAUGUS1,898786438896078852
frenchteam,938455940306817025,D1V3N2,1443228709754970120
frenchteam,938455940306817025,JamesMatcham2,1525809766802538497
frenchteam,938455940306817025,sujoycrore93,3166368960
frenchteam,938455940306817025,FSambane6,1533698819707346944
frenchteam,938455940306817025,FrankAbwooli,1532708489830735872
frenchteam,938455940306817025,hlwhlw96854693,1535762024851906562
frenchteam,938455940306817025,MahdiMo05518111,1491411186516213760
frenchteam,938455940306817025,Toinouxx,2535534795
frenchteam,938455940306817025,perfecto255,788753181572489216
frenchteam,938455940306817025,SpajicBernarda,1539457104293122048
frenchteam,938455940306817025,Oajhernandez,879767431622864896
frenchteam,938455940306817025,iscoemo,2268582905
frenchteam,938455940306817025,dariusemenstan,1478939523153375272
frenchteam,938455940306817025,13254SAID,1488029515465043969
frenchteam,938455940306817025,PatrickPalada2,1432868340482068488
frenchteam,938455940306817025,jr_rahadi,1537219539846725632
frenchteam,938455940306817025,WnKaen,1535191081750364161
frenchteam,938455940306817025,Raphaelroy07,1539417653063962624
frenchteam,938455940306817025,VicelmoJ,1330763012702167040
frenchteam,938455940306817025,dhoniAravinth1,957986292
frenchteam,938455940306817025,braaquame7,1454400741930635264
frenchteam,938455940306817025,djfll5,1499910671374430209
frenchteam,938455940306817025,theboldwhite,722070004976467968
frenchteam,938455940306817025,Soraniam1,927868639532875776
frenchteam,938455940306817025,Ahmednassary9,1533096746229841921
frenchteam,938455940306817025,CharlieBorg15,1523653012081856513
frenchteam,938455940306817025,ab47323574,1528480786810290178
frenchteam,938455940306817025,Kanout533416401,1419741756015403011
frenchteam,938455940306817025,antongerges91,1536859700515557376
frenchteam,938455940306817025,strsoglaveca,1490404001216712708
frenchteam,938455940306817025,MushfiqTasbir,3305235020
frenchteam,938455940306817025,BachhawatNiket,1521411220662001664
frenchteam,938455940306817025,EOkpobo,1305692081936105479
frenchteam,938455940306817025,afolabipablo,1529566331443478536
frenchteam,938455940306817025,OlaBazambo,1533181575730446341
frenchteam,938455940306817025,mohamed06943280,1537469326919450624
frenchteam,938455940306817025,CisseAb28899134,1537317128830914560
frenchteam,938455940306817025,mohamed68575796,1521120634587254784
frenchteam,938455940306817025,RolvinLetruck,1536614485544288256
frenchteam,938455940306817025,Shadrackobeng52,1483649507019612162
frenchteam,938455940306817025,marc_05_08,1304697739293478913
frenchteam,938455940306817025,Ahmadkingkhan3,1530665713089789955
frenchteam,938455940306817025,Mnqobison1,1532720638070226945
frenchteam,938455940306817025,WGuidado,1386358947762905088
frenchteam,938455940306817025,AhmedFarg1474,1174671191006732289
frenchteam,938455940306817025,Frankchario,1242089696001490944
frenchteam,938455940306817025,MadouDo90648200,1532138791514869761
frenchteam,938455940306817025,HamzaBakhsh18,1454196081806528512
frenchteam,938455940306817025,JeffEugene10,1532016397609586690
frenchteam,938455940306817025,srabon_z,1539295900387815425
frenchteam,938455940306817025,akash_siiiuuu,1293070252679417856
frenchteam,938455940306817025,mustafa28374714,1501784439445237761
frenchteam,938455940306817025,profeta_futebol,1539297772540657665
frenchteam,938455940306817025,zuzetembo90,1531690228183859200
frenchteam,938455940306817025,CoreyWa04035087,1502719300687257607
frenchteam,938455940306817025,OnaolaoE,1308412674632491015
frenchteam,938455940306817025,Mayanja18581583,1505931302150811655
frenchteam,938455940306817025,DOGO_MANE,1539206654281007104
frenchteam,938455940306817025,wily7401,1469053698882027522
frenchteam,938455940306817025,AnneSoua2,1533916661933277186
frenchteam,938455940306817025,famiguedu,1536162229699198981
frenchteam,938455940306817025,O_Tega28,1537038470576754689
frenchteam,938455940306817025,4lpine_F1,1438957867135086594
frenchteam,938455940306817025,AhmedIb32160884,1539261809244479491
frenchteam,938455940306817025,frogvh,1539264453694439426
frenchteam,938455940306817025,alsydah68269167,1533528518436454406
frenchteam,938455940306817025,BAAHBISMARK10,1417682829807345664
frenchteam,938455940306817025,mahmoudklayd97,1536837300616937477
frenchteam,938455940306817025,MdRizwa22425933,1061874949999263744
frenchteam,938455940306817025,bdalrhm04364052,1479138725342896133
frenchteam,938455940306817025,cebiso02,1483233988898664450
frenchteam,938455940306817025,FahadAh24385064,1536648917730852864
frenchteam,938455940306817025,bombapercy,1397236480242688001
frenchteam,938455940306817025,nguyentiemdao,1533071133314289665
frenchteam,938455940306817025,eze10011997,1506732622386503698
frenchteam,938455940306817025,TalentTinarwo,916246623033942016
frenchteam,938455940306817025,TwinobuhungiroE,1536337513970864128
frenchteam,938455940306817025,haliuabdulrahma,1156319753130168320
frenchteam,938455940306817025,sohil999,1491778753135054853
frenchteam,938455940306817025,SereKar30929983,1497615044556828678
frenchteam,938455940306817025,baahcharles13,1743985891
frenchteam,938455940306817025,Larabi04853647,1080803852788662272
frenchteam,938455940306817025,NBAWHITEMONEY,1539206218010529793
frenchteam,938455940306817025,BajiriSissako,1476264432011468815
frenchteam,938455940306817025,OfficialAbdujr,1412027425425444864
frenchteam,938455940306817025,Mohamed20205024,1530356858313129984
frenchteam,938455940306817025,Yakhya91,1537513153415811072
frenchteam,938455940306817025,Mohamed13075214,1528177420825657345
frenchteam,938455940306817025,worldbest_20,294357378
frenchteam,938455940306817025,BusisaHlongwan3,1504910445848711172
frenchteam,938455940306817025,MarvinOlabode,1278617936538865664
frenchteam,938455940306817025,Davijoe7Irumva,1532416093813342217
frenchteam,938455940306817025,AkandwanahoJoa1,1463578239767613458
frenchteam,938455940306817025,Asekew3,1528648793394237440
frenchteam,938455940306817025,StefanDamonze93,1448231187995111428
frenchteam,938455940306817025,0hc0GAuHcwXgsGv,1106137085742845953
frenchteam,938455940306817025,Gerradgilkings,1520513856874889217
frenchteam,938455940306817025,silikhu,1341274511736528897
frenchteam,938455940306817025,akira_going7,1535883368109289476
frenchteam,938455940306817025,HelnayaKefas,1362353421228081154
frenchteam,938455940306817025,davfischy,1536775096198742017
frenchteam,938455940306817025,mido_2325,705313404030984192
frenchteam,938455940306817025,SamyLukonge,1491890479255986176
frenchteam,938455940306817025,SurejPaksha,1539131088810934272
frenchteam,938455940306817025,Ahmadbscr6,1147827284222664704
frenchteam,938455940306817025,FAG70427215,1317823791066718208
frenchteam,938455940306817025,HlNacho,1536482787917811713
frenchteam,938455940306817025,Desmond35074925,1539092924230672384
frenchteam,938455940306817025,lJNBN9WFPYh5veU,1537025231117701120
frenchteam,938455940306817025,CR04168973,1065932966994444290
frenchteam,938455940306817025,DYLANWO64190086,1539041370211602434
frenchteam,938455940306817025,shaha_diwani,1503630222163390465
frenchteam,938455940306817025,Momo18970672,1365616878194991104
frenchteam,938455940306817025,PedroLu34804400,1521586758609260545
frenchteam,938455940306817025,XxLicke1,1532291147707596802
frenchteam,938455940306817025,__iamsrv,889159208565743616
frenchteam,938455940306817025,Vladimi16460495,1534816379425128448
frenchteam,938455940306817025,mbroh_baidoo,3378791188
frenchteam,938455940306817025,Mohamed40815581,1534471910637150208
frenchteam,938455940306817025,Alexand36367790,1530309554180866048
frenchteam,938455940306817025,OVERGAM20955822,1486643395774853122
frenchteam,938455940306817025,AjeigbeDammy,1536420647412412418
frenchteam,938455940306817025,ValentineOkere8,1535322851288432645
frenchteam,938455940306817025,mhmt_turalioglu,1538640053949411328
frenchteam,938455940306817025,EluhMetehan,1221499955560488962
frenchteam,938455940306817025,Martin35109284,1393622472931545090
frenchteam,938455940306817025,DjibrilIssakaS1,1535450359430361088
frenchteam,938455940306817025,gr4niitt,1100587262251859968
frenchteam,938455940306817025,Ebenz20741817,1142133983100252161
frenchteam,938455940306817025,adam_eloula,1522856480956993536
frenchteam,938455940306817025,EasternMyth,1439670930
frenchteam,938455940306817025,JeancyMbuyi8,1536436929859923968
frenchteam,938455940306817025,AbdoulahiAbdo17,1502768274106372108
frenchteam,938455940306817025,ApolloGsg,1535184082971373568
frenchteam,938455940306817025,Salmaan30687097,1522209929741967361
frenchteam,938455940306817025,DesmondLler,1525748568107229184
frenchteam,938455940306817025,gayemadrid2,974404058730696708
frenchteam,938455940306817025,LaminSa69012574,1421958896470609930
frenchteam,938455940306817025,KandegeTz,1536065637793296384
frenchteam,938455940306817025,QuadriSalau1,875356520585715712
frenchteam,938455940306817025,mamadouniang887,883290005237633024
frenchteam,938455940306817025,BoobaOulare,1371815875821457409
frenchteam,938455940306817025,EddyAumorassi,1319058307
frenchteam,938455940306817025,mhmwd47218955,1514664723362504705
frenchteam,938455940306817025,AbeidKigenyi,1439292558799159297
frenchteam,938455940306817025,VivoY2094620428,1491774737072410624
frenchteam,938455940306817025,gideon03281371,1534632333810229248
frenchteam,938455940306817025,hrgzr248k960Rr2,1295007161567846401
frenchteam,938455940306817025,BoumedienMdn,1538884651640664065
frenchteam,938455940306817025,Ryan32639737,1321124457172357122
frenchteam,938455940306817025,JulioNdjom,1536719237691191297
frenchteam,938455940306817025,oke_wow,1530661434413047808
frenchteam,938455940306817025,BhoyeBhoye13,1520826530158501888
frenchteam,938455940306817025,ondiek_stephen,870645275349716992
frenchteam,938455940306817025,duku_kobina,1090313221691637762
frenchteam,938455940306817025,StewartMwale2,1516411975747653638
frenchteam,938455940306817025,Lobjanidze1Bido,1494331004172992513
frenchteam,938455940306817025,Yves9377,904821378196660224
frenchteam,938455940306817025,ano_berly,1538870935054217216
frenchteam,938455940306817025,Gal64594014,1371709575783718913
frenchteam,938455940306817025,jokersport123,1538893111962783746
frenchteam,938455940306817025,iniimartey,1497562306250686468
frenchteam,938455940306817025,Jakkrit_170,1471318987082371072
frenchteam,938455940306817025,Miki0976Y,1479526781866721281
frenchteam,938455940306817025,TogAllahWilfri1,1415425048102510595
frenchteam,938455940306817025,UrielCaviedes,910939850802688002
frenchteam,938455940306817025,Jerry67172955,1354073059741765632
frenchteam,938455940306817025,Sandile39893000,1516040624935428098
frenchteam,938455940306817025,Shipendi31,3371985651
frenchteam,938455940306817025,RodihoZitto,882922331626196993
frenchteam,938455940306817025,YOUSSIF75255325,1536736578718031872
frenchteam,938455940306817025,DeeDee98448498,1509229996925022209
frenchteam,938455940306817025,EmgeMalo,1538862634883227655
frenchteam,938455940306817025,JohnyFPeaR1,1316936041073414144
frenchteam,938455940306817025,fysl96471687,1491174094783590400
frenchteam,938455940306817025,NAVEENKUMARSRE2,1372486954596528129
frenchteam,938455940306817025,kunngoen_paphon,1440878425678352396
frenchteam,938455940306817025,Mat_42_,1538847827778056193
frenchteam,938455940306817025,Mhizta_Emic,1456548898403721241
frenchteam,938455940306817025,johnson_takunda,1538829996805980161
frenchteam,938455940306817025,salah36318250,1537178383838334976
frenchteam,938455940306817025,hussnai32578745,1488460781846941698
frenchteam,938455940306817025,NicoBarjo17810,1531261001185865736
frenchteam,938455940306817025,latef_mohamad,1441486624085315593
frenchteam,938455940306817025,mosadavid20,1500345421855612932
frenchteam,938455940306817025,Mohamed69369594,1271838464468815872
frenchteam,938455940306817025,Mostafa107710,1520520694878121985
frenchteam,938455940306817025,MKealeboga1,1475109283884847109
frenchteam,938455940306817025,YElfidha,1017205335772286976
frenchteam,938455940306817025,lokalokman307,1407230657210765313
frenchteam,938455940306817025,NicolsB007,1534981478597246985
frenchteam,938455940306817025,TRAOREA56261570,1526289728038920199
frenchteam,938455940306817025,HassanMwishehe,1533398254112718854
frenchteam,938455940306817025,novoremymk,1534184524858392581
frenchteam,938455940306817025,aFErnz10,1528151855184105472
frenchteam,938455940306817025,rivaitoresu11,1496740068001673220
frenchteam,938455940306817025,lescoule,467493847
frenchteam,938455940306817025,MdJakir58335530,1528226184349118465
frenchteam,938455940306817025,AlMilanii,1096024309905031169
frenchteam,938455940306817025,JoushelJ,1508222403381448710
frenchteam,938455940306817025,Mohamed020999,1485642785088757765
frenchteam,938455940306817025,AliRaza55311090,1244526215433801729
frenchteam,938455940306817025,NAGA13844210,1538579717166538752
frenchteam,938455940306817025,miki_dior,1490841743155212292
frenchteam,938455940306817025,Atnumero07,1508432113317687296
frenchteam,938455940306817025,LuisAlb06544330,1536545656961114112
frenchteam,938455940306817025,KararAl09094091,1536128439463337986
frenchteam,938455940306817025,CeebaFreeze,1515181480728748042
frenchteam,938455940306817025,serigne_aminata,1535653279778197506
frenchteam,938455940306817025,Lolo60452114,1527180768992190472
frenchteam,938455940306817025,BokuenaMr,1529764118655389696
frenchteam,938455940306817025,Freddy_8990,1485403142443446275
frenchteam,938455940306817025,GabrellBennett,1512143101707661315
frenchteam,938455940306817025,Harrycfc81,1463693708294033414
frenchteam,938455940306817025,OussemaBouhamed,732664573803782145
frenchteam,938455940306817025,bxaba_,1154032185680117760
frenchteam,938455940306817025,ahmdmhm69111715,1477389200261529605
frenchteam,938455940306817025,Wjphillips78,1159962021913407488
frenchteam,938455940306817025,DonFavour20,1142915660676239360
frenchteam,938455940306817025,RiciusJunior,1500113122484490247
frenchteam,938455940306817025,DianeCheikh,2264720118
frenchteam,938455940306817025,ababacarthiam16,1531450656581623808
frenchteam,938455940306817025,MakuruwaniLama1,1534437337639288833
frenchteam,938455940306817025,abdurahman_ib,1536426461665574913
frenchteam,938455940306817025,jurijoe3,1530554388678328321
frenchteam,938455940306817025,IsaacCruz9,465007693
frenchteam,938455940306817025,kartox9,1123595263896059906
frenchteam,938455940306817025,KebeSikine,1536122768839872513
frenchteam,938455940306817025,thnamnguyenpui,1538596299620368384
frenchteam,938455940306817025,AdamAbubakaris9,1469367954739449861
frenchteam,938455940306817025,LamjeroOfficiel,712764431797628928
frenchteam,938455940306817025,Sheddy61097959,1371887296597868546
frenchteam,938455940306817025,Hyyhh829,1360683838247206913
frenchteam,938455940306817025,KaramAbuOmar3,1536042867352797186
frenchteam,938455940306817025,Millice00111635,1244687502050500617
frenchteam,938455940306817025,AAh48440686,1393091523424653313
frenchteam,938455940306817025,YeboahS71128547,1537963628975968257
frenchteam,938455940306817025,Mohamed49068213,1452000774934908937
frenchteam,938455940306817025,Saidihakim15,1534078157988544512
frenchteam,938455940306817025,ferencsz6ke,507305690
frenchteam,938455940306817025,Algazar21807513,1484117568881238019
frenchteam,938455940306817025,diego_fuser7,1462054378437689346
frenchteam,938455940306817025,dnpthuan,3284872512
frenchteam,938455940306817025,alqoaz00,1491541231440171011
frenchteam,938455940306817025,Gregre8305,1487346560988073985
frenchteam,938455940306817025,nadona48,703586893183782912
frenchteam,938455940306817025,9m51UoYnG9yLhGs,1160784967468638208
frenchteam,938455940306817025,Almejadi2,1538199508919754754
frenchteam,938455940306817025,RukodziTarcool,1532752205576536066
frenchteam,938455940306817025,DanielO50480076,1523116314419675137
frenchteam,938455940306817025,alasnay_ahmed,1497982128650391558
frenchteam,938455940306817025,Mezdit,215132919
frenchteam,938455940306817025,MotsogiMotsogi1,1496124524970057736
frenchteam,938455940306817025,cabdixasan71,1534892875472830467
frenchteam,938455940306817025,dylan8273636,1451853302463873027
frenchteam,938455940306817025,Ronalhutajulu2,1535305514560913408
frenchteam,938455940306817025,vienduyenmau,1533446861243068417
frenchteam,938455940306817025,MelindaPhuong,4636701032
frenchteam,938455940306817025,huynhdangtriet,1534195372352221185
frenchteam,938455940306817025,ShittuO14552131,1499808422706958340
frenchteam,938455940306817025,CharlemagneMig1,1536763971847462913
frenchteam,938455940306817025,desmond_goddey,1532171644587868160
frenchteam,938455940306817025,Abdalla30903316,1255557895627907072
frenchteam,938455940306817025,caungocquoc,1534181692130217984
frenchteam,938455940306817025,alfrwna14066131,1524766504780275714
frenchteam,938455940306817025,mirenga_o,1513189026425155584
frenchteam,938455940306817025,AhmedElAbidy5,1463905943440306182
frenchteam,938455940306817025,AkSidibe47,1537722356298301440
frenchteam,938455940306817025,Magasi69,1536635674497101825
frenchteam,938455940306817025,KurumiEva02,1538474147432603648
frenchteam,938455940306817025,Chidieb13207323,1330767236378861569
frenchteam,938455940306817025,Hxdhh54252669,1532100011726708741
frenchteam,938455940306817025,noemiepouvreau,1538473038940975104
frenchteam,938455940306817025,AvijitB18990600,1218954901427896320
frenchteam,938455940306817025,amgdestopper198,1531852662404177920
frenchteam,938455940306817025,Aziz03779569,1484978837448503301
frenchteam,938455940306817025,Mashaqi7Omar,1278619500561252353
frenchteam,938455940306817025,AMRNASSAR1996,1537635554392776704
frenchteam,938455940306817025,NassirOfficiel,1258990552030330880
frenchteam,938455940306817025,2kMwaba,1525113367609884672
frenchteam,938455940306817025,LucasGiardina7,1537955962077601794
frenchteam,938455940306817025,KnownAs4K,2156516238
frenchteam,938455940306817025,HoussameHaouari,1501031920955707394
frenchteam,938455940306817025,WilberforceGod1,1466669341173288962
frenchteam,938455940306817025,estty_sawaki,1536770092285186048
frenchteam,938455940306817025,HLkjgg,1536903675335024640
frenchteam,938455940306817025,SeeballuckVed,1502337134065111041
frenchteam,938455940306817025,AlexisG65494202,1473434775016906762
frenchteam,938455940306817025,pheekie_mookie,1527531190353375233
frenchteam,938455940306817025,SouravSahaAnu1,872079705834311680
frenchteam,938455940306817025,DanielGeorgeGe1,1485155377993953284
frenchteam,938455940306817025,saeidmuhmed,1460819565265440771
frenchteam,938455940306817025,shariful_sheikh,3119993454
frenchteam,938455940306817025,IsheanesuSosono,1428093756369158147
frenchteam,938455940306817025,SapaBaba21,1533536510997409794
frenchteam,938455940306817025,Ramze83638599,1533383682375163904
frenchteam,938455940306817025,famuyiwaakinku1,1534506158488158209
frenchteam,938455940306817025,MainurCr7,1462063139667595275
frenchteam,938455940306817025,gFwyIaHJ3kfyhlj,1396344748521058312
frenchteam,938455940306817025,OgidanLookmon,1527911487204909057
frenchteam,938455940306817025,marpre_2901,1526959665124352007
frenchteam,938455940306817025,osmanjose05,2377574078
frenchteam,938455940306817025,AbdelNa71729616,1330633832589094913
frenchteam,938455940306817025,Abdell008,1533609653157994499
frenchteam,938455940306817025,MahoroSedrick,1308003558319685632
frenchteam,938455940306817025,mohamed_sognane,1535321098178416641
frenchteam,938455940306817025,MalifaBalde2,1511316431882829824
frenchteam,938455940306817025,CADETREY06,1538211265927122945
frenchteam,938455940306817025,YourboyJack7,1536373504538451976
frenchteam,938455940306817025,LjooRahim,1304582670463176704
frenchteam,938455940306817025,Fernand38518586,1538305397844492288
frenchteam,938455940306817025,Said_el_05,1533876528899137536
frenchteam,938455940306817025,Adayb0i,1510780703427944452
frenchteam,938455940306817025,Jamil30970635,1443608576300240900
frenchteam,938455940306817025,nflrb2,1532480284163203086
frenchteam,938455940306817025,JohnDom_01,1433419254267793410
frenchteam,938455940306817025,Naff44748541,1499155474867965957
frenchteam,938455940306817025,ImNic02,1475784205938397185
frenchteam,938455940306817025,GertrudeLvsElon,895467340787273728
frenchteam,938455940306817025,Srensen16S,1538270560890900482
frenchteam,938455940306817025,KaleemOlaiya,1531147755204362240
frenchteam,938455940306817025,ABDOUGA61080016,1527419113462714393
frenchteam,938455940306817025,AILl08179619,1432729455995277321
frenchteam,938455940306817025,SeydouB60016211,1533080141064175617
frenchteam,938455940306817025,EricYoug4,1517604790691319810
frenchteam,938455940306817025,era_viola,1538239930438139904
frenchteam,938455940306817025,VqLdEtIerBiuo0x,1433919561934508032
frenchteam,938455940306817025,MachoMa35701236,1517052541967679488
frenchteam,938455940306817025,karmatenzin,78895474
frenchteam,938455940306817025,MrOmarGames3,1534077557213384704
frenchteam,938455940306817025,TomaShengelia3,1536292399890239488
frenchteam,938455940306817025,KevinGe29022168,1491064674804191237
frenchteam,938455940306817025,Olaleka101,1514288220611227649
frenchteam,938455940306817025,PINcode626,1223466307741417473
frenchteam,938455940306817025,abbelkroos,3078049123
frenchteam,938455940306817025,chilledabdo,1461277984493551622
frenchteam,938455940306817025,ChevKC,2730217712
frenchteam,938455940306817025,Kofimoudgmailc1,1381514031568199680
frenchteam,938455940306817025,NAchuol,1431576035171225600
frenchteam,938455940306817025,AnnonymeEjiwen,1423368558642356224
frenchteam,938455940306817025,MrAfortunado,540159861
frenchteam,938455940306817025,akintomideogun3,1514322481535983616
frenchteam,938455940306817025,Beejay50178989,1537839204172017666
frenchteam,938455940306817025,shammahpj,1342333464
frenchteam,938455940306817025,AliouDi69360723,1536694422464827392
frenchteam,938455940306817025,Sidib14Sekou,1419663765407256586
frenchteam,938455940306817025,7YlBiPorhBsAe6E,1442641456766889987
frenchteam,938455940306817025,Andrea25587929,1521890837453488128
frenchteam,938455940306817025,xoledng4,1538079137675415552
frenchteam,938455940306817025,anna_malatsi,1518303078046441473
frenchteam,938455940306817025,_davizzx,1501264239490707461
frenchteam,938455940306817025,mamo_dia,1534968826781126687
frenchteam,938455940306817025,Tira369,1531998922922549252
frenchteam,938455940306817025,kakazka,122879540
frenchteam,938455940306817025,AbboudAbdelkar3,1380256309749112833
frenchteam,938455940306817025,SameerS221986,1443790924308430848
frenchteam,938455940306817025,devinemakamure,922885150500950016
frenchteam,938455940306817025,Francis_aurel,1536365094917005312
frenchteam,938455940306817025,JabkaCade1,1410199032782336000
frenchteam,938455940306817025,JBSolimaya,1535550988035186688
frenchteam,938455940306817025,MahomedMostafa6,1526158869512192002
frenchteam,938455940306817025,AfoyoMoreen,1532123202415116288
frenchteam,938455940306817025,Muhamma40304075,1248744576715821057
frenchteam,938455940306817025,kaksikds,1462405446195683333
frenchteam,938455940306817025,AlasibiAhmad,1433799219031199745
frenchteam,938455940306817025,Seydina23723994,1529880630833647616
frenchteam,938455940306817025,wesleyarianator,2902081309
frenchteam,938455940306817025,Lahmudinsu75,1534832059998384128
frenchteam,938455940306817025,Badawi09560387,1338619575831842817
frenchteam,938455940306817025,AhmedAff22951,1445120672376709128
frenchteam,938455940306817025,christodaworiye,991577780545613824
frenchteam,938455940306817025,Shira75412735,1143425982252158976
frenchteam,938455940306817025,ezaddeen_a,1375173419482943498
frenchteam,938455940306817025,bdrm61152,1534508362087510017
frenchteam,938455940306817025,yakanomar347,1314732593091416064
frenchteam,938455940306817025,AbdoBad76796849,1523873626449186817
frenchteam,938455940306817025,emmakisige,1067760802361417728
frenchteam,938455940306817025,Abdelrh60077892,1532031966698254336
frenchteam,938455940306817025,HMSOCCERLIVE,1501597009933139970
frenchteam,938455940306817025,AkimOuattara4,1480842284577001472
frenchteam,938455940306817025,Ammar11466763,1535585314160496640
frenchteam,938455940306817025,AshipaloyeO,1500226442709381121
frenchteam,938455940306817025,risohric17,1476164921293422592
frenchteam,938455940306817025,Ambassadorskete,1508782591893295106
frenchteam,938455940306817025,RalphGh13,1535073314351235084
frenchteam,938455940306817025,DreamRanker6,1523975607658426369
frenchteam,938455940306817025,HassaneFaidine,1506946324335415301
frenchteam,938455940306817025,PauFCIndo,1298731581805178880
frenchteam,938455940306817025,MALAYAL17997638,1538069812861370369
frenchteam,938455940306817025,siredwardazo,1168805350935552000
frenchteam,938455940306817025,isogluutku,1175025684688834561
frenchteam,938455940306817025,Mohammed055210,1512981634068492288
frenchteam,938455940306817025,Samuel91810303,1530904078515060736
frenchteam,938455940306817025,MohamadAlhajom4,1536403877972660232
frenchteam,938455940306817025,Atkins11042027,1517772879651557376
frenchteam,938455940306817025,hussein2692005,1499740473409392643
frenchteam,938455940306817025,TOPK1011,1521940927627284480
frenchteam,938455940306817025,WarrenJones1234,1498682173813108738
frenchteam,938455940306817025,zhisonglu1,1534368274498080768
frenchteam,938455940306817025,RonaldFolly,1536714610157490177
frenchteam,938455940306817025,nelson7_ampomah,1536118516465774593
frenchteam,938455940306817025,cfwcb8,1502916153513230337
frenchteam,938455940306817025,Honest_brutal9,1529707671036694528
frenchteam,938455940306817025,bilalsh64292919,1031978222173540352
frenchteam,938455940306817025,FS07121632,1534000101781217280
frenchteam,938455940306817025,azhe23333333,1261749606729363456
frenchteam,938455940306817025,O_SH3RAWIII7,1520611603502227456
frenchteam,938455940306817025,FaresLondon6,1440809080352743428
frenchteam,938455940306817025,Mhmmd_Mazhan,1532317072780251136
frenchteam,938455940306817025,RmzyNabt,1493034384361984002
frenchteam,938455940306817025,EnriqueM05,2318233051
frenchteam,938455940306817025,eagyei785,1532690614374092800
frenchteam,938455940306817025,USLouviers,1531391148991950856
frenchteam,938455940306817025,DaffiMohamed,1467227988391612416
frenchteam,938455940306817025,bhad_jr,1505670481533411342
frenchteam,938455940306817025,BirdlyKobe,1534362915775602688
frenchteam,938455940306817025,elasticergr,1415056073405382659
frenchteam,938455940306817025,Ivan_Vukoja_272,1537925982861946881
frenchteam,938455940306817025,MarcoPichiusa,1527282722141372416
frenchteam,938455940306817025,tiagodlsantosf,1537892342387986432
frenchteam,938455940306817025,shefphywu,1504935673257680900
frenchteam,938455940306817025,florilus_y,1469898809530585090
frenchteam,938455940306817025,BRAGODWIN4,1527374442892230656
frenchteam,938455940306817025,Mohamed_Beshaaa,1023302759293038592
frenchteam,938455940306817025,junioraimufua7,1537905190493253632
frenchteam,938455940306817025,Yitong19761877,1512716663011127300
frenchteam,938455940306817025,Mouff77,713170547966930944
frenchteam,938455940306817025,MarikoOusmane13,1531521434748653571
frenchteam,938455940306817025,DiyeOusseynou2,1537212182257188868
frenchteam,938455940306817025,tobiasenciso_ok,1537620822466121728
frenchteam,938455940306817025,isaacmu11,1193898126005997573
frenchteam,938455940306817025,7__sina__,1537886104497451011
frenchteam,938455940306817025,Nathankiwila,1534588333921280001
frenchteam,938455940306817025,AWUDUKARIMMAJI1,1334903056614498304
frenchteam,938455940306817025,MohammadAlNama1,3398999103
frenchteam,938455940306817025,Said8Mohamed2,1533368361069039616
frenchteam,938455940306817025,Iwah95069294,1537726256862601217
frenchteam,938455940306817025,KilaniAnuoluwa2,1481201942218960900
frenchteam,938455940306817025,Ricardo99855,1525447891975868417
frenchteam,938455940306817025,madridistoblanc,1172517147509174280
frenchteam,938455940306817025,Aboubac89640667,1534516814553686016
frenchteam,938455940306817025,CheikhT95503440,1466213371984977933
frenchteam,938455940306817025,ClementKumah1,1533823865289379846
frenchteam,938455940306817025,CSovannith,1531510331289153536
frenchteam,938455940306817025,tigersports71,1489218406822060032
frenchteam,938455940306817025,Fihris6,1407461659916992516
frenchteam,938455940306817025,WaboniH,1082686514377699329
frenchteam,938455940306817025,mehediromel,795970510110605312
frenchteam,938455940306817025,_10adrianbelda_,1532005291847557130
frenchteam,938455940306817025,SanjuMo41796440,1281847972850880512
frenchteam,938455940306817025,Khenny2222,1524500128966524930
frenchteam,938455940306817025,Adul25106398,1347480707740782595
frenchteam,938455940306817025,IscoDeOffset,1531453999429341184
frenchteam,938455940306817025,AzubuezeMakuo,1530280004109619208
frenchteam,938455940306817025,AmineDmissi,1524111048869138434
frenchteam,938455940306817025,AoiYuzu1,1511207935296294912
frenchteam,938455940306817025,CyrilleJunior11,1432688301182439426
frenchteam,938455940306817025,faynh,972606102
frenchteam,938455940306817025,Ndourabdoulay19,1507893274517946372
frenchteam,938455940306817025,vhasekwa_f,1493839324152012801
frenchteam,938455940306817025,DurackAbdoulaye,786880312777314304
frenchteam,938455940306817025,LynnAun88012302,1526433187496226816
frenchteam,938455940306817025,Leenal46771035,1379894490404634627
frenchteam,938455940306817025,EbiHonour,1535234756622831617
frenchteam,938455940306817025,RONALDOC718,1521444915384881153
frenchteam,938455940306817025,Mohamma15461623,1346338744845139968
frenchteam,938455940306817025,MahamoudouSyll9,1535000697615405056
frenchteam,938455940306817025,Fabricejosue1,1499067751532486658
frenchteam,938455940306817025,Diabe111Diabe11,1531282771548811265
frenchteam,938455940306817025,VinceT1183,1371238602999496705
frenchteam,938455940306817025,pan_smialek1,1537424795381514246
frenchteam,938455940306817025,Athandi94708280,1524737288072310787
frenchteam,938455940306817025,BarrySo59665551,1533472564789510148
frenchteam,938455940306817025,NervousAli,1536262680318730240
frenchteam,938455940306817025,OmarAliJuma2,1505136885722660864
frenchteam,938455940306817025,anzan_kouame,1532807426243698692
frenchteam,938455940306817025,YankeyJnr1,1531744798817894400
frenchteam,938455940306817025,Bandile61508804,1534974894517194752
frenchteam,938455940306817025,RashidAbdulai12,1432148480185835521
frenchteam,938455940306817025,7joker99,1072833290
frenchteam,938455940306817025,Odinakaodison,1534913997253795847
frenchteam,938455940306817025,Hudson97058086,1418044959857463296
frenchteam,938455940306817025,BryanMwebaza,1490583199050866688
frenchteam,938455940306817025,Adrian_Zarate14,2261988350
frenchteam,938455940306817025,muwsteve,877177782895353860
frenchteam,938455940306817025,hoangggg112358,1489438466605973508
frenchteam,938455940306817025,Shehab713352381,1479997786263330823
frenchteam,938455940306817025,MaiyakiMoctar,1393364228996804608
frenchteam,938455940306817025,Adilkhan_0007,1534956443266334720
frenchteam,938455940306817025,Willygoesweeeee,1537596135421845504
frenchteam,938455940306817025,NouriDem,545557201
frenchteam,938455940306817025,NdoumbeRodrigue,1531731850904981504
frenchteam,938455940306817025,JosueTi76293304,1521715214298791939
frenchteam,938455940306817025,AhmedNa03159497,1514412966761926659
frenchteam,938455940306817025,yannkdf,1079801834406137856
frenchteam,938455940306817025,LiberalApology,1488282082837155846
frenchteam,938455940306817025,JimohMallam,1506234375419084806
frenchteam,938455940306817025,n_anea,1533134803515723779
frenchteam,938455940306817025,bdallhalsdny5,1531747082784104453
frenchteam,938455940306817025,Mohamed48960888,1537563846130425857
frenchteam,938455940306817025,gabsr916,1535583072338558976
frenchteam,938455940306817025,EmouJames,1334785550478356480
frenchteam,938455940306817025,LNhban,1518072663608070145
frenchteam,938455940306817025,Pyaesone2020,1254458018197958657
frenchteam,938455940306817025,Mahamat95507972,1534979508884979725
frenchteam,938455940306817025,jacksondanso7,1534387932253016064
frenchteam,938455940306817025,MoussaD90086891,1417030980502790144
frenchteam,938455940306817025,NeymarPatrick3,1535285073032925184
frenchteam,938455940306817025,p000oer,1460779385292734468
frenchteam,938455940306817025,KebbaJawneh3,1536816973899776000
frenchteam,938455940306817025,Diallo08499681,1523606999040151552
frenchteam,938455940306817025,Joquelega,1510687101544800259
frenchteam,938455940306817025,ConoFagundez,4168657457
frenchteam,938455940306817025,Nikoomilanareal,1518157194679799808
frenchteam,938455940306817025,lucca21944985,1516827190461091841
frenchteam,938455940306817025,museveni_peter,1397515434203750400
frenchteam,938455940306817025,CenteJuuan,1523554162276913152
frenchteam,938455940306817025,rinzz_op,1502971521593094149
frenchteam,938455940306817025,beausejour_nabe,968729242476449793
frenchteam,938455940306817025,SteveGuessan,1531686806445604864
frenchteam,938455940306817025,ZetFarZz,1523317108213485569
frenchteam,938455940306817025,PJeanpy,1352755643124477952
frenchteam,938455940306817025,BATARINGAYA17,1530825445591113729
frenchteam,938455940306817025,Ouattar09935241,1528263823593021442
frenchteam,938455940306817025,Alloboy10,1317447468934680576
frenchteam,938455940306817025,Mams12052786,1536731163926077445
frenchteam,938455940306817025,MayorwaF,1278281187224674305
frenchteam,938455940306817025,sad_rest,1533767014791188480
frenchteam,938455940306817025,ThiamMa35566995,1532350761182560256
frenchteam,938455940306817025,helon_almeida,1532510343653621761
frenchteam,938455940306817025,julio_loopezzz,1376935309989048321
frenchteam,938455940306817025,winmyin32102399,1506547064167014400
frenchteam,938455940306817025,ahmdasm79920432,1531571538478104579
frenchteam,938455940306817025,Davidso04658482,1530636766335537152
frenchteam,938455940306817025,Miguel76485161,794979410868740096
frenchteam,938455940306817025,Joseem____,759769588057780224
frenchteam,938455940306817025,7Frank7Lloyd7,1532415516408745985
frenchteam,938455940306817025,BKatepoom,1534563620239319040
frenchteam,938455940306817025,Kevin_25k,1475131259416420361
frenchteam,938455940306817025,Mahmoud90938421,1332607842315079680
frenchteam,938455940306817025,Benji13245,1533439142465798144
frenchteam,938455940306817025,AliNeyadi1,1533793162405322752
frenchteam,938455940306817025,TopStrika_MaRio,1219676208947978240
frenchteam,938455940306817025,murthen,1417818146207985671
frenchteam,938455940306817025,bamba_sankhare,1534484748302786560
frenchteam,938455940306817025,BrenoSe40353952,1519111278903582721
frenchteam,938455940306817025,kenzoju78242599,1447610337071616002
frenchteam,938455940306817025,Dmensah91,1430449743327645698
frenchteam,938455940306817025,sachinpaudel19,1031874916398845952
frenchteam,938455940306817025,GeedMaxamuud,1522895956957671429
frenchteam,938455940306817025,Follyjaji,301810781
frenchteam,938455940306817025,Skinny7726,1516530315761750017
frenchteam,938455940306817025,KemiElikia,1485193258678501377
frenchteam,938455940306817025,williamhaizel13,1527566883314188289
frenchteam,938455940306817025,juanjovalente,1074985993
frenchteam,938455940306817025,Trk69690909,1375585647608610821
frenchteam,938455940306817025,SeyiMayowa,1073845219844612098
frenchteam,938455940306817025,Adam62409295,1529823641726201856
frenchteam,938455940306817025,erick_lutula,1526170464434982914
frenchteam,938455940306817025,LeSageNoir,1531241383088074753
frenchteam,938455940306817025,_Alaa123_,1520782255760752640
frenchteam,938455940306817025,ShareTheLove28,1063388749520822275
frenchteam,938455940306817025,PeterChibu,1482216841225420804
frenchteam,938455940306817025,CuleKamel,1368553570979770370
frenchteam,938455940306817025,Sheriff0546,1534646095636307968
frenchteam,938455940306817025,MohamedElfarm10,1347402788926578688
frenchteam,938455940306817025,shafraaz007,1297446109900443650
frenchteam,938455940306817025,arlenee_rojo,1537213738620690436
frenchteam,938455940306817025,YounesBenayad6,1457855178674253838
frenchteam,938455940306817025,DBacoster,2285075935
frenchteam,938455940306817025,hswny06905428,1537207751830536193
frenchteam,938455940306817025,abd67823715,1526897571972751362
frenchteam,938455940306817025,BusanieGcabashe,1000899102148833281
frenchteam,938455940306817025,RhticeHouinsou1,1537182558886236160
frenchteam,938455940306817025,BukhariAbdou,3357630641
frenchteam,938455940306817025,p_p53416999,1532227885444083712
frenchteam,938455940306817025,Pedrofdez6465,1537191875299446786
frenchteam,938455940306817025,tinasheviriri14,1511426954184040456
frenchteam,938455940306817025,she_ima84,1537152308236238852
frenchteam,938455940306817025,Gims229,1488873474991042561
frenchteam,938455940306817025,DialloA24687230,1171157380178096130
frenchteam,938455940306817025,OmarZiz53921700,1034789933742018561
frenchteam,938455940306817025,PrecieuxLionel,1512359284742537216
frenchteam,938455940306817025,Fome43,831540452989956096
frenchteam,938455940306817025,SAFHATI1,1475582092037832710
frenchteam,938455940306817025,Mahmoud_1213,1447613965400432643
frenchteam,938455940306817025,cisse_oumar6,1529604454655434752
frenchteam,938455940306817025,Lucas54344288,612312159
frenchteam,938455940306817025,Mohamed39495067,1167217074034417666
frenchteam,938455940306817025,EdwinBaffourAw1,1519004278102401027
frenchteam,938455940306817025,HazemAs07533568,1485019871360520198
frenchteam,938455940306817025,Kaserekamusavu5,1362761604983640066
frenchteam,938455940306817025,umarmanager6,3864397335
frenchteam,938455940306817025,AlhajiM10354463,1507432565820608515
frenchteam,938455940306817025,KabindaAlex,1529295137993531394
frenchteam,938455940306817025,Alshmri3Hussin,1479327824548872194
frenchteam,938455940306817025,alexakhter1,2215830587
frenchteam,938455940306817025,KareemA31849314,1536805323855511553
frenchteam,938455940306817025,WaelRag43816341,1526483304505040896
frenchteam,938455940306817025,Zorro90909,1537070634924408832
frenchteam,938455940306817025,OMAR_KHARDER,1074623983
frenchteam,938455940306817025,RedaMoh20941674,1469632070267908097
frenchteam,938455940306817025,football444555,1484709411516002310
frenchteam,938455940306817025,MotazFahd3,1371922188538937346
frenchteam,938455940306817025,yayayan076,1470473953344995334
frenchteam,938455940306817025,galactus9120,1450557343553495041
frenchteam,938455940306817025,Bruno_Manuel248,1476927073511952384
frenchteam,938455940306817025,AwalHos97686303,1517503733055250434
frenchteam,938455940306817025,ManabatHilario,1493333976588886016
frenchteam,938455940306817025,PhilippeMottie4,1528117115546476544
frenchteam,938455940306817025,SadjoUmaro,1222971858997391362
frenchteam,938455940306817025,Jules_Rama10,1460729318133448704
frenchteam,938455940306817025,senebacheikh05,1443712491696033801
frenchteam,938455940306817025,OssyChong,1306306060240773121
frenchteam,938455940306817025,MouhamedAgne7,1413989893194272773
frenchteam,938455940306817025,PortugalPauloD3,1523073738891313153
frenchteam,938455940306817025,AffolabiGilles,1043021939730608129
frenchteam,938455940306817025,JeffreyJeanmic1,1530250517372407808
frenchteam,938455940306817025,ahmedalisolie,1534239114391965696
frenchteam,938455940306817025,appiah_frankie,1502615837777272835
frenchteam,938455940306817025,Amjgd13,1533896636983922690
frenchteam,938455940306817025,zazapop2000,1179054927211110403
frenchteam,938455940306817025,BoubseKeita,1533061652786171904
frenchteam,938455940306817025,Mohamed74975696,1437941291594260489
frenchteam,938455940306817025,Slickk1231,1093946297223204865
frenchteam,938455940306817025,Betcenter_BE,3001378888
frenchteam,938455940306817025,fredy_knows,1421423916111761411
frenchteam,938455940306817025,Nishu62694071,1416039903691948037
frenchteam,938455940306817025,MdAftab44243907,1500211587717943296
frenchteam,938455940306817025,Olajohn24723459,1536959233778135040
frenchteam,938455940306817025,nikolinazgela,722783362138644480
frenchteam,938455940306817025,VishnuV64120646,1380003139089268737
frenchteam,938455940306817025,IslmTahrat,1286449549553340417
frenchteam,938455940306817025,Griezmann_90,1296801292183048192
frenchteam,938455940306817025,armand_fales,1536803087284854787
frenchteam,938455940306817025,aslam60504990,1533244733597921286
frenchteam,938455940306817025,Mohamed92144551,1517224207121321986
frenchteam,938455940306817025,Mahfuzur2887,1535301518974328833
frenchteam,938455940306817025,Maxi97215513,1533206152795889665
frenchteam,938455940306817025,Munyaa43529691,1485056372731375619
frenchteam,938455940306817025,Mahmoud29445680,1513886249437863953
frenchteam,938455940306817025,IsmailKiweesak,1149725288269524994
frenchteam,938455940306817025,Eltonhzp,2359261976
frenchteam,938455940306817025,aungnaingtun95,906010184119492609
frenchteam,938455940306817025,SMakhta,920792084717633537
frenchteam,938455940306817025,thejobaerhustle,1175055708175265793
frenchteam,938455940306817025,NimesUsam,1515275536209268737
frenchteam,938455940306817025,Navysealsteamx_,1536901022634938368
frenchteam,938455940306817025,elpepe_00888,1267905623590678528
frenchteam,938455940306817025,fblnews__,1525494387069059072
frenchteam,938455940306817025,Mohamed02714921,1260735428681969669
frenchteam,938455940306817025,DAldynury,1036530344361512960
frenchteam,938455940306817025,NdiagaM00725554,1529882728203706369
frenchteam,938455940306817025,InfoFutbolUy_,1536835285971046401
frenchteam,938455940306817025,Sbo27715176,1534866305798623232
frenchteam,938455940306817025,Drum0xF,1498953395314565121
frenchteam,938455940306817025,afll67890,1481946228728516611
frenchteam,938455940306817025,lusaga2,1431693870283120643
frenchteam,938455940306817025,youngdamtee,1183158449946988546
frenchteam,938455940306817025,mazuimikann,1453702099447926789
frenchteam,938455940306817025,Ibra78Sow,1532890674873638912
frenchteam,938455940306817025,mohanud771,1405247217670266880
frenchteam,938455940306817025,Icyicy74767795,1536828573515780096
frenchteam,938455940306817025,KareemF51506906,1342988048561270784
frenchteam,938455940306817025,Muhammadbbbbb,1361999479843418115
frenchteam,938455940306817025,e_chalouhi,1275107534928568320
frenchteam,938455940306817025,AnselmeYAMANIS2,1512811121396400141
frenchteam,938455940306817025,BelalSalah93,1534641826367430658
frenchteam,938455940306817025,RonyWilla,1519191650136096768
frenchteam,938455940306817025,NigelArmani,1535814736662900741
frenchteam,938455940306817025,vomitodebuho,1148598147096174592
frenchteam,938455940306817025,certifiedklown,1499106734564155396
frenchteam,938455940306817025,CLusungama,1453352981949202437
frenchteam,938455940306817025,Gwazibhaga,1127830848236085251
frenchteam,938455940306817025,ValetChebujong2,1430392307807924224
frenchteam,938455940306817025,manuehallyday15,1535683331903324160
frenchteam,938455940306817025,I_AM_D0M1NAT0R,1518946524826595329
frenchteam,938455940306817025,SaidSha71062438,1533035866158948352
frenchteam,938455940306817025,DialloT24135789,1536687777059938307
frenchteam,938455940306817025,CmrWrld,1365041922147028998
frenchteam,938455940306817025,JooHenr04627329,1421309321154072581
frenchteam,938455940306817025,humiszn,464629008
frenchteam,938455940306817025,ahmeddh65955204,1519211611642339329
frenchteam,938455940306817025,circajr,2283185510
frenchteam,938455940306817025,polskikarczoh,1444705389841428482
frenchteam,938455940306817025,MiguelSiviglia,243731633
frenchteam,938455940306817025,Christian126829,843883417888608261
frenchteam,938455940306817025,alsydal53641828,1467987559179603971
frenchteam,938455940306817025,xJ17aZ3U6UBptFa,1433601251866992644
frenchteam,938455940306817025,MustardPhiona,1417145968147976199
frenchteam,938455940306817025,MuhdSan92876578,1507389305139908611
frenchteam,938455940306817025,sapho89277107,1248469119831166983
frenchteam,938455940306817025,HaqiemieArepp,1530876493391626243
frenchteam,938455940306817025,85i5cVnOTnC0bOU,1425252404606480392
frenchteam,938455940306817025,ArefinI11526595,1535972504019386377
frenchteam,938455940306817025,gadoueurot,1483471762390237186
frenchteam,938455940306817025,killianutd,1517631817297317891
frenchteam,938455940306817025,KingAyertey,1447683384554237959
frenchteam,938455940306817025,SimonAwedeou2,1535011774587625492
frenchteam,938455940306817025,SalimThiare,1430685301882638338
frenchteam,938455940306817025,SirPetkoff,1309115417667960833
frenchteam,938455940306817025,AlfredBoamah16,1536683424324456450
frenchteam,938455940306817025,AllyMgomoka4,1187741646731042817
frenchteam,938455940306817025,mustafa3Mohamm1,1532484916557991936
frenchteam,938455940306817025,foot78584472,1530560401724825600
frenchteam,938455940306817025,MakatiGradis5,1343464385541525504
frenchteam,938455940306817025,Flekzo21,1420256969739407360
frenchteam,938455940306817025,IndraIlyas8,1477833426233266176
frenchteam,938455940306817025,ChristianPf2008,1136825924060667904
frenchteam,938455940306817025,AnimadorRorro,1230852476116652032
frenchteam,938455940306817025,OHINA1119,1472438565489750016
frenchteam,938455940306817025,Ing_Abdoualye,749074536
frenchteam,938455940306817025,Jabi_estadio0o0,1514554582034231299
frenchteam,938455940306817025,pyait_phyo_27,764366473254936576
frenchteam,938455940306817025,AyabongaXhakana,1530830222102302720
frenchteam,938455940306817025,s_elb21,1536694560948101121
frenchteam,938455940306817025,TamerMourad13,1274087566569021440
frenchteam,938455940306817025,Thomas180209,1531647491967442944
frenchteam,938455940306817025,Elfadelali1,1031957054083223554
frenchteam,938455940306817025,JrMwide,1459879384106602498
frenchteam,938455940306817025,OppongC80175562,1529638847142932486
frenchteam,938455940306817025,8T79Ta9H2GYQ3yE,1057385785668890624
frenchteam,938455940306817025,sultanmohamoud,1526092357489270784
frenchteam,938455940306817025,DiegoAyidine,1533852568497147906
frenchteam,938455940306817025,Mahmoud76881981,1525360974286438400
frenchteam,938455940306817025,beel_ze_bub007,1437320567653240835
frenchteam,938455940306817025,RXSwift2,1529907798133329931
frenchteam,938455940306817025,barry_1409,1223219937143070720
frenchteam,938455940306817025,MHMM37525504,1501632204249735169
frenchteam,938455940306817025,dan_bayram,987083029788221441
frenchteam,938455940306817025,real_mhidey,1526288406585692160
frenchteam,938455940306817025,CalinPrince11,1513477089072189443
frenchteam,938455940306817025,MalickC97256965,1370090085459312640
frenchteam,938455940306817025,EdwardA79333491,1469829909673652230
frenchteam,938455940306817025,KalagoElasto,1484447350819106818
frenchteam,938455940306817025,joel_joldavid12,1513818254199951361
frenchteam,938455940306817025,natgeowild2022,1536646502524887041
frenchteam,938455940306817025,bomber_geo,1390498606680006660
frenchteam,938455940306817025,Stevenzhang213,1469557285278011392
frenchteam,938455940306817025,LaPulga1028,1396632498680078340
frenchteam,938455940306817025,TakhaSama,1454522175642288134
frenchteam,938455940306817025,ShinoAb45671460,1497721270942720009
frenchteam,938455940306817025,MatthiasYohanna,1536173331203899392
frenchteam,938455940306817025,EVitasovic,1534587241485553667
frenchteam,938455940306817025,selimDe89481525,1522108765935669248
frenchteam,938455940306817025,suvadeep00,130743373
frenchteam,938455940306817025,ShoskeyPablo,1517545087709896704
frenchteam,938455940306817025,ztb5052,75695710
frenchteam,938455940306817025,LTom2022527,1530401100477898752
frenchteam,938455940306817025,BonginkosiNgom3,1527688775736131587
frenchteam,938455940306817025,AbdoAlashmony2,1073560938199089152
frenchteam,938455940306817025,LarTakeshi,1416034666612547587
frenchteam,938455940306817025,minh11052,1534912257166958592
frenchteam,938455940306817025,abdiel_caal,1521988043514671105
frenchteam,938455940306817025,Barrie2513,1532114754772291590
frenchteam,938455940306817025,NaveenNarasim12,1516826763808149513
frenchteam,938455940306817025,Futuh21,1529599074261159936
frenchteam,938455940306817025,HodrigoBN,47839791
frenchteam,938455940306817025,itssampa,60070293
frenchteam,938455940306817025,Mvictorcelo23,1410886382067851269
frenchteam,938455940306817025,MonthlyThly,1535047100295151624
frenchteam,938455940306817025,KTermo2,1475590892245368835
frenchteam,938455940306817025,Mohamed28092001,1534682315842011137
frenchteam,938455940306817025,imarlandia,948354080019222528
frenchteam,938455940306817025,Mohamad47278790,1401090693150306307
frenchteam,938455940306817025,Islam_AbolNaga,1450147158
frenchteam,938455940306817025,1111martius,63676961
frenchteam,938455940306817025,spiridakos13,1536477337553973250
frenchteam,938455940306817025,ErnestK95957131,1340954471891951617
frenchteam,938455940306817025,NasserNtieche,1400838476199780352
frenchteam,938455940306817025,IBNUSHAFE,2359869624
frenchteam,938455940306817025,aisha_ashabi,1524350832438829056
frenchteam,938455940306817025,PsySoccer,1397879124971208705
frenchteam,938455940306817025,lukesellars_,2956406950
frenchteam,938455940306817025,Jackredblue1,1434455679952109570
frenchteam,938455940306817025,NapoliOumar,1533199820235620353
frenchteam,938455940306817025,melpop850,1466928113988816902
frenchteam,938455940306817025,Controller172,1487110626094813187
frenchteam,938455940306817025,Mohamme97914711,1529965958751739913
frenchteam,938455940306817025,EricVarddy6,1450301551659130881
frenchteam,938455940306817025,HarmanCristiano,1428052699937972226
frenchteam,938455940306817025,elinolescx2,812456814
frenchteam,938455940306817025,condiwr,1302331909582843906
frenchteam,938455940306817025,KidawaRamadhani,1480513805046231041
frenchteam,938455940306817025,BSchelstraete,52395723
frenchteam,938455940306817025,Abuhaajir,1715643684
frenchteam,938455940306817025,Derrick63145147,1412389494733557760
frenchteam,938455940306817025,SamRjss1,914971538801270784
frenchteam,938455940306817025,nolweenie,1338049790349873156
frenchteam,938455940306817025,herceg10oskar,1237033604594708480
frenchteam,938455940306817025,JoaoGas75425975,1509458454762729479
frenchteam,938455940306817025,WamSht,1530967228409077760
frenchteam,938455940306817025,lapepitedeJesus,1488074612143439876
frenchteam,938455940306817025,FreddyNtumba18,1530060407112613889
frenchteam,938455940306817025,yasseer_gunner,192120900
frenchteam,938455940306817025,lincinhovinlama,2365740618
frenchteam,938455940306817025,badah_hussen,1502357674725449737
frenchteam,938455940306817025,Ahmadktown,497672504
frenchteam,938455940306817025,Mams12840366,1536115382490120192
frenchteam,938455940306817025,BerthramBagge,1536425852015194116
frenchteam,938455940306817025,jonnicazoe,1209845822579453952
frenchteam,938455940306817025,DecioVivaldo,3007393679
frenchteam,938455940306817025,Altaeb_5,1491060741918666756
frenchteam,938455940306817025,mostafa0154,1331774797408313346
frenchteam,938455940306817025,ibaru_jeremiah,1534629658200768514
frenchteam,938455940306817025,MujuniPascal92,1444879620336197632
frenchteam,938455940306817025,CharawiAnass,1203079111364796419
frenchteam,938455940306817025,GarandiThomas,1524091332137992192
frenchteam,938455940306817025,emilfoot,1530639912252452866
frenchteam,938455940306817025,HomosHo59587237,1313471435210448900
frenchteam,938455940306817025,Dimskoo_95,1488242533050236931
frenchteam,938455940306817025,Mohamed60902754,1493922291872378887
frenchteam,938455940306817025,LeFootenEurope,1532834892282732544
frenchteam,938455940306817025,Nebbefkadu,721744370987352064
frenchteam,938455940306817025,madsen_o2,1056155223536877568
frenchteam,938455940306817025,THFC_Sid,1343262819022729216
frenchteam,938455940306817025,4phvz,1527103586601140226
frenchteam,938455940306817025,mfana30395038,1505177787321262080
frenchteam,938455940306817025,agyeiri27,1532389017840406531
frenchteam,938455940306817025,THEO47106173,1533076023369035776
frenchteam,938455940306817025,AhmdAlkhwysky,1481975926367956992
frenchteam,938455940306817025,Iyke_kobina,3186562919
frenchteam,938455940306817025,Ibrahim00574376,1475013690940395522
frenchteam,938455940306817025,MAttideka,1507093824811810830
frenchteam,938455940306817025,Perry_Stormz_,947131380420538368
frenchteam,938455940306817025,PROMETH30086551,1399453479878414339
frenchteam,938455940306817025,_11natan,1531354583997501443
frenchteam,938455940306817025,IbrahimBakeer8,1526073233602224128
frenchteam,938455940306817025,Emmanue80633825,1532265315647774721
frenchteam,938455940306817025,Hdz00Alexis,1495216254159835136
frenchteam,938455940306817025,AlphaOu25066345,1534258325352742914
frenchteam,938455940306817025,MustaphaMoments,176106598
frenchteam,938455940306817025,PurrppleeAngell,1411152247422021632
frenchteam,938455940306817025,ZoTgm,1479160558469492739
frenchteam,938455940306817025,con_55,730258592
frenchteam,938455940306817025,djabraoui_r,1501090173022519296
frenchteam,938455940306817025,AlexHakalembe,1522457499156324352
frenchteam,938455940306817025,iLNasake,1489654288372715521
frenchteam,938455940306817025,KwabenaAmoakoh1,1443781907381112833
frenchteam,938455940306817025,Julin26896961,1405212413704744968
frenchteam,938455940306817025,nonleague1234,289987633
frenchteam,938455940306817025,mahmoud54163281,1533570614329585664
frenchteam,938455940306817025,_CD03_,415811788
frenchteam,938455940306817025,SOCCERguyTSG,1451930898933354498
frenchteam,938455940306817025,SDetpong,1471090031024427010
frenchteam,938455940306817025,Phanhoanggiavy,1462246734306820101
frenchteam,938455940306817025,sadv325,1445124260398354442
frenchteam,938455940306817025,lunawu0229,885135734763655169
frenchteam,938455940306817025,CyrilBoigelot,1536398899941978114
frenchteam,938455940306817025,thewiseoldsage,68643489
frenchteam,938455940306817025,Jones_Roddick,245108158
frenchteam,938455940306817025,AndersC52449587,1015330139817893888
frenchteam,938455940306817025,VPramodhReddy2,1411006760001761281
frenchteam,938455940306817025,BHAFCLOL,1342471726811258880
frenchteam,938455940306817025,KomlaStephane,1529150651208548352
frenchteam,938455940306817025,NicholayTimofey,1531413296003301377
frenchteam,938455940306817025,taifabakari2,1472253720314400778
frenchteam,938455940306817025,Petar830387701,1482377257855471619
frenchteam,938455940306817025,alloka_franck,1533796564489097216
frenchteam,938455940306817025,skylord1217,1402736906845237258
frenchteam,938455940306817025,sanji98765,1523308436615692288
frenchteam,938455940306817025,cEQbdP7FbUsKju8,1308740415235948545
frenchteam,938455940306817025,princepalaise,1536296808342757376
frenchteam,938455940306817025,Loic_2009_63,1497910929538920451
frenchteam,938455940306817025,ANELKA29732346,1399037825295826950
frenchteam,938455940306817025,suzon_miko,1477573169133273092
frenchteam,938455940306817025,pablo_gavi30,1536356965739380744
frenchteam,938455940306817025,SPAVGeek,1383116245986332675
frenchteam,938455940306817025,FlorentCamus1,1422694555
frenchteam,938455940306817025,FadhiliKhalfan3,1506201875871408128
frenchteam,938455940306817025,WaelAhm91173425,1506046936910118913
frenchteam,938455940306817025,KalieKargbo8,1534503185276076032
frenchteam,938455940306817025,InnocentMsz,1530649276782628865
frenchteam,938455940306817025,SouleymaneKar2,1534091011919577088
frenchteam,938455940306817025,mynameisjeff000,2960766225
frenchteam,938455940306817025,NourdiiA,1532389850476945409
frenchteam,938455940306817025,magdy_elfouly,1861898593
frenchteam,938455940306817025,Danielkipgen12,865450632353783808
frenchteam,938455940306817025,leon_tshibuabua,1530760780815138816
frenchteam,938455940306817025,itsryanwilsonn,1425141998370054144
frenchteam,938455940306817025,sergio12121997,3304950959
frenchteam,938455940306817025,HeshamMostafaK1,1354207345195286528
frenchteam,938455940306817025,IrfandyIAY28,317190782
frenchteam,938455940306817025,MidniteFtbl,1473336223074861063
frenchteam,938455940306817025,Sailion5,1532680454700138501
frenchteam,938455940306817025,DyaaMazin,1381015589930565635
frenchteam,938455940306817025,Nsubuga51817074,1534011733232189441
frenchteam,938455940306817025,KhaledJdidi77,1531209868375367683
frenchteam,938455940306817025,Momen31411831,1530503435879055362
frenchteam,938455940306817025,SKDENT25,1533020405887385602
frenchteam,938455940306817025,solorealhabesh,1057300482
frenchteam,938455940306817025,a10005982,1510181256373448706
frenchteam,938455940306817025,Vinn10667689,1383730799275433985
frenchteam,938455940306817025,kimvukadjo,1531157882795921412
frenchteam,938455940306817025,Chuka81163141,1529127885298188291
frenchteam,938455940306817025,trt_78,1530305367896375297
frenchteam,938455940306817025,KTsveti,1270000046923231233
frenchteam,938455940306817025,AllTechSolutio7,1414671570279174149
frenchteam,938455940306817025,SamuelL42748057,1506983612289368065
frenchteam,938455940306817025,AmwayaFredrick,1531273254614315009
frenchteam,938455940306817025,kazrightt,1536060754595561472
frenchteam,938455940306817025,Alhassa44600597,1531914576996052992
frenchteam,938455940306817025,BashirMusawunty,1516346864433569792
frenchteam,938455940306817025,Zeeshan7Haider,1533833292327403520
frenchteam,938455940306817025,JahSeed94,733441959675756544
frenchteam,938455940306817025,mhmdalh10070893,1531528286672760832
frenchteam,938455940306817025,EtmaanAhmed,1518791839435866114
frenchteam,938455940306817025,steven_delgove,1505149189193412610
frenchteam,938455940306817025,MickeyO75417638,1355969990818738177
frenchteam,938455940306817025,SM67042402,1534532314973315078
frenchteam,938455940306817025,Ikramissack1,1532767864876408832
frenchteam,938455940306817025,RachidSakhi10,939931110192111618
frenchteam,938455940306817025,alexadedeji30,1503739865678110725
frenchteam,938455940306817025,kupal_nazir,1528052792606203905
frenchteam,938455940306817025,C2384919554,1499605416681959428
frenchteam,938455940306817025,rijul_1hakur,993014960
frenchteam,938455940306817025,antoniocamati05,1499457877035134991
frenchteam,938455940306817025,ZiadShoaib,1531955964399738880
frenchteam,938455940306817025,DavidSo52946193,1422090699021766664
frenchteam,938455940306817025,abrahymalhdry71,1532262051770519552
frenchteam,938455940306817025,MAbuubakar08,965464131896860678
frenchteam,938455940306817025,Federic33955483,1532399979490336772
frenchteam,938455940306817025,wimon1589,1487422292565000195
frenchteam,938455940306817025,Alex3401623,1495659844543655938
frenchteam,938455940306817025,mhamedm94047684,1524352261152985088
frenchteam,938455940306817025,Mohamed17744168,1298583926324199425
frenchteam,938455940306817025,AguiarGerry,1529142472730939394
frenchteam,938455940306817025,Prof_Allotey,1251196135399702531
frenchteam,938455940306817025,MoSapry20,1533904178992631808
frenchteam,938455940306817025,Kanaro_Djiby,1510257934609092608
frenchteam,938455940306817025,CarliWaker,1512513748438814724
frenchteam,938455940306817025,EmeritaRebilla1,1512915141762953218
frenchteam,938455940306817025,cireanguette,1366825607833784322
frenchteam,938455940306817025,diegopro1741,1384935188585648130
frenchteam,938455940306817025,Ball_Talk_,1536113410567462913
frenchteam,938455940306817025,MorSow28525361,1497019976405893124
frenchteam,938455940306817025,iamjhowie1,1378407939283812353
frenchteam,938455940306817025,laouis07,1522016434716647424
frenchteam,938455940306817025,King_Jordan000,1425793827353382917
frenchteam,938455940306817025,05z8OCc5SfwD6Su,1516165037299228673
frenchteam,938455940306817025,HammaniIlyass,1502354831419318275
frenchteam,938455940306817025,NabilOwis,1435707930196824066
frenchteam,938455940306817025,Obza83787874,831768280079663104
frenchteam,938455940306817025,AyasMoh,984762640214974464
frenchteam,938455940306817025,Kingsle70960235,1488513402565713921
frenchteam,938455940306817025,SarampolGenclik,1533940242998300672
frenchteam,938455940306817025,Davey_thato,1294981610719322115
frenchteam,938455940306817025,EdgeLucho2,2932620791
frenchteam,938455940306817025,KaganSuruc,1518539450233544704
frenchteam,938455940306817025,awamadou42,2214485408
frenchteam,938455940306817025,FerdinandKosma4,1500407652387594245
frenchteam,938455940306817025,Faustineemanu14,1533154824413405186
