,url,date,content,renderedContent,id,user,replyCount,retweetCount,likeCount,quoteCount,conversationId,lang,source,sourceUrl,sourceLabel,outlinks,tcooutlinks,media,retweetedTweet,quotedTweet,inReplyToTweetId,inReplyToUser,mentionedUsers,coordinates,place,hashtags,cashtags,card
0,https://twitter.com/ConnyRACING/status/1414343776760381445,2021-07-11 22:00:08+00:00,@RedPilledPoland @MigueluVe No to ilegal migration!,@RedPilledPoland @MigueluVe No to ilegal migration!,1414343776760381445,"{'username': 'ConnyRACING', 'id': 219758387, 'displayname': 'conny ehrenberg', 'description': '', 'rawDescription': '', 'descriptionUrls': None, 'verified': False, 'created': datetime.datetime(2010, 11, 25, 19, 59, 17, tzinfo=datetime.timezone.utc), 'followersCount': 7111, 'friendsCount': 550, 'statusesCount': 263930, 'favouritesCount': 71589, 'listedCount': 339, 'mediaCount': 16910, 'location': 'Andalucia', 'protected': False, 'linkUrl': None, 'linkTcourl': None, 'profileImageUrl': 'https://pbs.twimg.com/profile_images/2513728554/cuxxvet3gg95vajz0y4z_normal.jpeg', 'profileBannerUrl': 'https://pbs.twimg.com/profile_banners/219758387/1401471007', 'label': None}",0,1,17,0,1414342085457612804,es,"<a href=""http://twitter.com/download/android"" rel=""nofollow"">Twitter for Android</a>",http://twitter.com/download/android,Twitter for Android,,,,,,1.4143420854576128e+18,"{'username': 'RedPilledPoland', 'id': 1324372004368244744, 'displayname': 'RedPilledPoland', 'description': None, 'rawDescription': None, 'descriptionUrls': None, 'verified': None, 'created': None, 'followersCount': None, 'friendsCount': None, 'statusesCount': None, 'favouritesCount': None, 'listedCount': None, 'mediaCount': None, 'location': None, 'protected': None, 'linkUrl': None, 'linkTcourl': None, 'profileImageUrl': None, 'profileBannerUrl': None, 'label': None}","[{'username': 'RedPilledPoland', 'id': 1324372004368244744, 'displayname': 'RedPilledPoland', 'description': None, 'rawDescription': None, 'descriptionUrls': None, 'verified': None, 'created': None, 'followersCount': None, 'friendsCount': None, 'statusesCount': None, 'favouritesCount': None, 'listedCount': None, 'mediaCount': None, 'location': None, 'protected': None, 'linkUrl': None, 'linkTcourl': None, 'profileImageUrl': None, 'profileBannerUrl': None, 'label': None}, {'username': 'MigueluVe', 'id': 88941217, 'displayname': 'uVe', 'description': None, 'rawDescription': None, 'descriptionUrls': None, 'verified': None, 'created': None, 'followersCount': None, 'friendsCount': None, 'statusesCount': None, 'favouritesCount': None, 'listedCount': None, 'mediaCount': None, 'location': None, 'protected': None, 'linkUrl': None, 'linkTcourl': None, 'profileImageUrl': None, 'profileBannerUrl': None, 'label': None}]","{'longitude': -2.6648892, 'latitude': 36.6981084}","{'fullName': 'Roquetas de Mar, Spain', 'name': 'Roquetas de Mar', 'type': 'city', 'country': 'Spain', 'countryCode': 'ES'}",,,
1,https://twitter.com/guusvw91/status/1414319593041145866,2021-07-11 20:24:02+00:00,"At @MOIA_Eng we migrated to @vectordotdev as log shipper for our K8s setup and i've been never before more happy about a migration.
It just worked, we can test our log transformation steps, it brings so much confidence, which we had not with our old solution.","At @MOIA_Eng we migrated to @vectordotdev as log shipper for our K8s setup and i've been never before more happy about a migration.
It just worked, we can test our log transformation steps, it brings so much confidence, which we had not with our old solution.",1414319593041145866,"{'username': 'guusvw91', 'id': 65160023, 'displayname': 'Guus', 'description': 'Lead GDG Golang & Cloud Hamburg, K8s enthusiast, CKA, DevO(o)ps ☁️🔥💻 Engineer @MOIAmobility\n#GoPats', 'rawDescription': 'Lead GDG Golang & Cloud Hamburg, K8s enthusiast, CKA, DevO(o)ps ☁️🔥💻 Engineer @MOIAmobility\n#GoPats', 'descriptionUrls': None, 'verified': False, 'created': datetime.datetime(2009, 8, 12, 21, 1, 47, tzinfo=datetime.timezone.utc), 'followersCount': 650, 'friendsCount': 1683, 'statusesCount': 4327, 'favouritesCount': 9398, 'listedCount': 26, 'mediaCount': 458, 'location': 'Hamburg, Deutschland', 'protected': False, 'linkUrl': None, 'linkTcourl': None, 'profileImageUrl': 'https://pbs.twimg.com/profile_images/1091042140325666816/0z5En-nf_normal.jpg', 'profileBannerUrl': 'https://pbs.twimg.com/profile_banners/65160023/1554184878', 'label': None}",1,4,13,0,1414319593041145866,en,"<a href=""http://twitter.com/download/android"" rel=""nofollow"">Twitter for Android</a>",http://twitter.com/download/android,Twitter for Android,,,,,,,,"[{'username': 'MOIA_Eng', 'id': 922590612330831873, 'displayname': 'MOIA Engineering', 'description': None, 'rawDescription': None, 'descriptionUrls': None, 'verified': None, 'created': None, 'followersCount': None, 'friendsCount': None, 'statusesCount': None, 'favouritesCount': None, 'listedCount': None, 'mediaCount': None, 'location': None, 'protected': None, 'linkUrl': None, 'linkTcourl': None, 'profileImageUrl': None, 'profileBannerUrl': None, 'label': None}, {'username': 'vectordotdev', 'id': 1223304169060102145, 'displayname': 'Vector.dev', 'description': None, 'rawDescription': None, 'descriptionUrls': None, 'verified': None, 'created': None, 'followersCount': None, 'friendsCount': None, 'statusesCount': None, 'favouritesCount': None, 'listedCount': None, 'mediaCount': None, 'location': None, 'protected': None, 'linkUrl': None, 'linkTcourl': None, 'profileImageUrl': None, 'profileBannerUrl': None, 'label': None}]","{'longitude': 8.4201604, 'latitude': 53.395118}","{'fullName': 'Hamburg, Germany', 'name': 'Hamburg', 'type': 'city', 'country': 'Germany', 'countryCode': 'DE'}",,,
2,https://twitter.com/PresenterAcady/status/1414219361028562946,2021-07-11 13:45:45+00:00,"Tomorrow Monday 11th July at 11am (GMT / UK Time), there will be some scheduled maintenece on our website. We expect the scheduled down time will be approximetly 2 hours (unless there are any issues.) This is for essential updates and server migration. https://t.co/cZRLkckcKO","Tomorrow Monday 11th July at 11am (GMT / UK Time), there will be some scheduled maintenece on our website. We expect the scheduled down time will be approximetly 2 hours (unless there are any issues.) This is for essential updates and server migration. https://t.co/cZRLkckcKO",1414219361028562946,"{'username': 'PresenterAcady', 'id': 2853263391, 'displayname': 'Presenter Academy', 'description': 'The experts in TV & Video Presenter Training for Presenters, Vloggers & Businesses. Show Reel & Video Production info@presenteracademy.com #tvpresentertraining', 'rawDescription': 'The experts in TV & Video Presenter Training for Presenters, Vloggers & Businesses. Show Reel & Video Production info@presenteracademy.com #tvpresentertraining', 'descriptionUrls': None, 'verified': False, 'created': datetime.datetime(2014, 10, 31, 13, 39, 17, tzinfo=datetime.timezone.utc), 'followersCount': 1593, 'friendsCount': 1366, 'statusesCount': 3057, 'favouritesCount': 1741, 'listedCount': 20, 'mediaCount': 369, 'location': '', 'protected': False, 'linkUrl': 'http://www.presenteracademy.com', 'linkTcourl': 'https://t.co/ooyWgxyYpn', 'profileImageUrl': 'https://pbs.twimg.com/profile_images/1406985786793332738/rf0tHVfa_normal.jpg', 'profileBannerUrl': 'https://pbs.twimg.com/profile_banners/2853263391/1628838928', 'label': None}",0,1,2,0,1414219361028562946,en,"<a href=""http://twitter.com/download/iphone"" rel=""nofollow"">Twitter for iPhone</a>",http://twitter.com/download/iphone,Twitter for iPhone,,,"[{'previewUrl': 'https://pbs.twimg.com/media/E6BRAyuXEAMu40T?format=jpg&name=small', 'fullUrl': 'https://pbs.twimg.com/media/E6BRAyuXEAMu40T?format=jpg&name=large'}]",,,,,,"{'longitude': 0.200432, 'latitude': 51.112354}","{'fullName': 'Royal Tunbridge Wells, England', 'name': 'Royal Tunbridge Wells', 'type': 'city', 'country': 'United Kingdom', 'countryCode': 'GB'}",,,
3,https://twitter.com/BMLoidl/status/1414201171774951430,2021-07-11 12:33:28+00:00,@speis_oo Aber er hat eine Vorbildfunktion  !  Es gibt viele die noch nicht schwanger sind ! Was weiß man über den Fortpflanzungswillen anderer Politiker ? Made in Austria statt Migration ! 💪 🇦🇹,@speis_oo Aber er hat eine Vorbildfunktion  !  Es gibt viele die noch nicht schwanger sind ! Was weiß man über den Fortpflanzungswillen anderer Politiker ? Made in Austria statt Migration ! 💪 🇦🇹,1414201171774951430,"{'username': 'BMLoidl', 'id': 14451524, 'displayname': 'BMLoidl', 'description': 'working, travelling (mostly europe, asia, usa) IT & China contacts - Entrepreneur for Technology - since COVID by Zoom slack teams wechat line Skype klimaticket', 'rawDescription': 'working, travelling (mostly europe, asia, usa) IT & China contacts - Entrepreneur for Technology - since COVID by Zoom slack teams wechat line Skype klimaticket', 'descriptionUrls': None, 'verified': False, 'created': datetime.datetime(2008, 4, 20, 13, 16, 21, tzinfo=datetime.timezone.utc), 'followersCount': 1754, 'friendsCount': 5001, 'statusesCount': 66774, 'favouritesCount': 86541, 'listedCount': 63, 'mediaCount': 5672, 'location': 'Klosterneuburg', 'protected': False, 'linkUrl': 'http://about.me/www.bmloidl.com', 'linkTcourl': 'https://t.co/uyE4EUXyy5', 'profileImageUrl': 'https://pbs.twimg.com/profile_images/518472309469089792/9I0Cvv3q_normal.jpeg', 'profileBannerUrl': 'https://pbs.twimg.com/profile_banners/14451524/1487475620', 'label': None}",0,0,1,0,1414200417848905729,de,"<a href=""http://twitter.com/download/iphone"" rel=""nofollow"">Twitter for iPhone</a>",http://twitter.com/download/iphone,Twitter for iPhone,,,,,,1.4142004178489057e+18,"{'username': 'speis_oo', 'id': 733039381586534402, 'displayname': 'speis_👀', 'description': None, 'rawDescription': None, 'descriptionUrls': None, 'verified': None, 'created': None, 'followersCount': None, 'friendsCount': None, 'statusesCount': None, 'favouritesCount': None, 'listedCount': None, 'mediaCount': None, 'location': None, 'protected': None, 'linkUrl': None, 'linkTcourl': None, 'profileImageUrl': None, 'profileBannerUrl': None, 'label': None}","[{'username': 'speis_oo', 'id': 733039381586534402, 'displayname': 'speis_👀', 'description': None, 'rawDescription': None, 'descriptionUrls': None, 'verified': None, 'created': None, 'followersCount': None, 'friendsCount': None, 'statusesCount': None, 'favouritesCount': None, 'listedCount': None, 'mediaCount': None, 'location': None, 'protected': None, 'linkUrl': None, 'linkTcourl': None, 'profileImageUrl': None, 'profileBannerUrl': None, 'label': None}]","{'longitude': 16.201713, 'latitude': 48.238056}","{'fullName': 'Klosterneuburg, Österreich', 'name': 'Klosterneuburg', 'type': 'city', 'country': 'Austria', 'countryCode': 'AT'}",,,
4,https://twitter.com/AjPelser/status/1414171686996414468,2021-07-11 10:36:18+00:00,@B1EMW Correct. Even migration could’ve been handled “better” had Mrs. May - still as Home Secretary - chosen to use all the tools available to her under Schengen rules.,@B1EMW Correct. Even migration could’ve been handled “better” had Mrs. May - still as Home Secretary - chosen to use all the tools available to her under Schengen rules.,1414171686996414468,"{'username': 'AjPelser', 'id': 1240238418564714497, 'displayname': 'Centralis 🇳🇱🇪🇺🏴\U000e0067\U000e0062\U000e0073\U000e0063\U000e0074\U000e007f🇺🇦#FBPE', 'description': 'The center must hold~ WB Yeats☘️Masters (Mineral Econ)🇿🇦; Beethoven; Rach; Hendrix; Husband & dad; #HumanRights #BLM #FBPEGlobal 🐝 🌺🌲#FollowBackClimate', 'rawDescription': 'The center must hold~ WB Yeats☘️Masters (Mineral Econ)🇿🇦; Beethoven; Rach; Hendrix; Husband & dad; #HumanRights #BLM #FBPEGlobal 🐝 🌺🌲#FollowBackClimate', 'descriptionUrls': None, 'verified': False, 'created': datetime.datetime(2020, 3, 18, 11, 28, 32, tzinfo=datetime.timezone.utc), 'followersCount': 4399, 'friendsCount': 4594, 'statusesCount': 10013, 'favouritesCount': 75095, 'listedCount': 1, 'mediaCount': 14, 'location': 'Den Haag, The Netherlands', 'protected': False, 'linkUrl': None, 'linkTcourl': None, 'profileImageUrl': 'https://pbs.twimg.com/profile_images/1430941016274706437/qxHxBJkh_normal.jpg', 'profileBannerUrl': 'https://pbs.twimg.com/profile_banners/1240238418564714497/1629493727', 'label': None}",0,0,4,0,1414168518044667907,en,"<a href=""http://twitter.com/download/iphone"" rel=""nofollow"">Twitter for iPhone</a>",http://twitter.com/download/iphone,Twitter for iPhone,,,,,,1.414168518044668e+18,"{'username': 'B1EMW', 'id': 2831637409, 'displayname': 'Robin Holloway #SlavaUkraini', 'description': None, 'rawDescription': None, 'descriptionUrls': None, 'verified': None, 'created': None, 'followersCount': None, 'friendsCount': None, 'statusesCount': None, 'favouritesCount': None, 'listedCount': None, 'mediaCount': None, 'location': None, 'protected': None, 'linkUrl': None, 'linkTcourl': None, 'profileImageUrl': None, 'profileBannerUrl': None, 'label': None}","[{'username': 'B1EMW', 'id': 2831637409, 'displayname': 'Robin Holloway #SlavaUkraini', 'description': None, 'rawDescription': None, 'descriptionUrls': None, 'verified': None, 'created': None, 'followersCount': None, 'friendsCount': None, 'statusesCount': None, 'favouritesCount': None, 'listedCount': None, 'mediaCount': None, 'location': None, 'protected': None, 'linkUrl': None, 'linkTcourl': None, 'profileImageUrl': None, 'profileBannerUrl': None, 'label': None}]","{'longitude': 4.3350723, 'latitude': 52.0563894}","{'fullName': 'Leidschendam-Voorburg, Nederland', 'name': 'Leidschendam-Voorburg', 'type': 'city', 'country': 'The Netherlands', 'countryCode': 'NL'}",,,
5,https://twitter.com/EnglishmanAdam/status/1414142389351063552,2021-07-11 08:39:53+00:00,"Why are @Conservatives still so angry about immigration? EU migration to England has dropped considerably. Unless it isn’t EU migration which bothers you? In that case, Brexit was a bit of a waste of time don’t you think?","Why are @Conservatives still so angry about immigration? EU migration to England has dropped considerably. Unless it isn’t EU migration which bothers you? In that case, Brexit was a bit of a waste of time don’t you think?",1414142389351063552,"{'username': 'EnglishmanAdam', 'id': 582721240, 'displayname': 'Adam M 🇪🇺🇵🇹🇺🇦🇬🇧 #FBPE', 'description': 'Immigrant, perpetual nomad. Exile. Author. Political recluse. Proud to be part of the 48%.', 'rawDescription': 'Immigrant, perpetual nomad. Exile. Author. Political recluse. Proud to be part of the 48%.', 'descriptionUrls': None, 'verified': False, 'created': datetime.datetime(2012, 5, 17, 12, 15, 53, tzinfo=datetime.timezone.utc), 'followersCount': 13187, 'friendsCount': 12937, 'statusesCount': 32083, 'favouritesCount': 57301, 'listedCount': 24, 'mediaCount': 3080, 'location': 'Portugal', 'protected': False, 'linkUrl': 'http://Instagram.com/adam_matts', 'linkTcourl': 'https://t.co/dhRjfL8psW', 'profileImageUrl': 'https://pbs.twimg.com/profile_images/1534573045687406596/X_vVAypo_normal.jpg', 'profileBannerUrl': 'https://pbs.twimg.com/profile_banners/582721240/1647679437', 'label': None}",25,165,575,2,1414142389351063552,en,"<a href=""http://twitter.com/download/iphone"" rel=""nofollow"">Twitter for iPhone</a>",http://twitter.com/download/iphone,Twitter for iPhone,,,,,,,,"[{'username': 'Conservatives', 'id': 14281853, 'displayname': 'Conservatives', 'description': None, 'rawDescription': None, 'descriptionUrls': None, 'verified': None, 'created': None, 'followersCount': None, 'friendsCount': None, 'statusesCount': None, 'favouritesCount': None, 'listedCount': None, 'mediaCount': None, 'location': None, 'protected': None, 'linkUrl': None, 'linkTcourl': None, 'profileImageUrl': None, 'profileBannerUrl': None, 'label': None}]","{'longitude': -8.6912275, 'latitude': 41.1383457}","{'fullName': 'Oporto, Portugal', 'name': 'Oporto', 'type': 'city', 'country': 'Portugal', 'countryCode': 'PT'}",,,
6,https://twitter.com/abirking2017/status/1414137112845332481,2021-07-11 08:18:55+00:00,"The strength of diversity and immigration has made the United Kingdom successful. Migration in this island started 4000 years ago. No matter whatever happens in today's game I will celebrate diversity today and "" England team will be in my heart 🏴󠁧󠁢󠁥󠁮󠁧󠁿❣️"" . Best of luck Lions. MD🏴󠁧󠁢󠁥󠁮󠁧󠁿🦁 https://t.co/lfQU8GD17C","The strength of diversity and immigration has made the United Kingdom successful. Migration in this island started 4000 years ago. No matter whatever happens in today's game I will celebrate diversity today and "" England team will be in my heart 🏴󠁧󠁢󠁥󠁮󠁧󠁿❣️"" . Best of luck Lions. MD🏴󠁧󠁢󠁥󠁮󠁧󠁿🦁 https://t.co/lfQU8GD17C",1414137112845332481,"{'username': 'abirking2017', 'id': 1137029903591886848, 'displayname': 'Md M Hamid (Abir)🙏🏽- Asylum seeker (He/Him)', 'description': 'Community Champion & LAW Student. REP.\nNational & Covid Act of Kindness Award  Winner \n#Covid19-Vaccine Volunteer\nCitizens Adv.\nFire Serv.\nBlog-abirking.com', 'rawDescription': 'Community Champion & LAW Student. REP.\nNational & Covid Act of Kindness Award  Winner \n#Covid19-Vaccine Volunteer\nCitizens Adv.\nFire Serv.\nhttps://t.co/uMaL7pFWbW', 'descriptionUrls': [{'text': 'Blog-abirking.com', 'url': 'http://Blog-abirking.com', 'tcourl': 'https://t.co/uMaL7pFWbW', 'indices': (139, 162)}], 'verified': False, 'created': datetime.datetime(2019, 6, 7, 16, 13, 48, tzinfo=datetime.timezone.utc), 'followersCount': 1369, 'friendsCount': 4709, 'statusesCount': 4656, 'favouritesCount': 7455, 'listedCount': 5, 'mediaCount': 1127, 'location': 'Newcastle Upon Tyne, England', 'protected': False, 'linkUrl': 'https://abirking.com/', 'linkTcourl': 'https://t.co/ynGE4aX97W', 'profileImageUrl': 'https://pbs.twimg.com/profile_images/1464039243286827012/lmwas_jq_normal.jpg', 'profileBannerUrl': 'https://pbs.twimg.com/profile_banners/1137029903591886848/1590102162', 'label': None}",0,3,3,0,1414137112845332481,en,"<a href=""http://twitter.com/download/android"" rel=""nofollow"">Twitter for Android</a>",http://twitter.com/download/android,Twitter for Android,,,"[{'previewUrl': 'https://pbs.twimg.com/media/E6AGNbgXEAAypbp?format=jpg&name=small', 'fullUrl': 'https://pbs.twimg.com/media/E6AGNbgXEAAypbp?format=jpg&name=large'}]",,,,,,"{'longitude': -1.257418, 'latitude': 54.63917}","{'fullName': 'Hartlepool, England', 'name': 'Hartlepool', 'type': 'city', 'country': 'United Kingdom', 'countryCode': 'GB'}",,,
7,https://twitter.com/myEPapp/status/1414127791923212289,2021-07-11 07:41:53+00:00,"⚡️Busy week ahead at the #EuropeanParliament ➡️  #Fitfor55, #Russia, #China, #Belarus, #migration, #data governance and priorities of the #Slovenian Presidency among other items on MEPs agenda next week.

❗️Learn more on @myEPapp 📲 https://t.co/FlzKFse7ng

Photo source: EP https://t.co/ba2PyX6aTS","⚡️Busy week ahead at the #EuropeanParliament ➡️  #Fitfor55, #Russia, #China, #Belarus, #migration, #data governance and priorities of the #Slovenian Presidency among other items on MEPs agenda next week.

❗️Learn more on @myEPapp 📲 apple.co/2MLUrav

Photo source: EP https://t.co/ba2PyX6aTS",1414127791923212289,"{'username': 'myEPapp', 'id': 1356517023086497792, 'displayname': 'myEP app', 'description': 'Your digital assistant. Download from the @AppStore 👉 apple.co/2MOroD3', 'rawDescription': 'Your digital assistant. Download from the @AppStore 👉 https://t.co/47o9xpPSOi', 'descriptionUrls': [{'text': 'apple.co/2MOroD3', 'url': 'https://apple.co/2MOroD3', 'tcourl': 'https://t.co/47o9xpPSOi', 'indices': (54, 77)}], 'verified': False, 'created': datetime.datetime(2021, 2, 2, 8, 17, 20, tzinfo=datetime.timezone.utc), 'followersCount': 27, 'friendsCount': 101, 'statusesCount': 186, 'favouritesCount': 306, 'listedCount': 0, 'mediaCount': 152, 'location': 'Brussels, Belgium', 'protected': False, 'linkUrl': 'https://apple.co/2MOroD3', 'linkTcourl': 'https://t.co/47o9xpPSOi', 'profileImageUrl': 'https://pbs.twimg.com/profile_images/1356519689443282944/9jpZzoNF_normal.jpg', 'profileBannerUrl': 'https://pbs.twimg.com/profile_banners/1356517023086497792/1613216107', 'label': None}",0,1,3,0,1414127791923212289,en,"<a href=""http://itunes.apple.com/us/app/twitter/id409789998?mt=12"" rel=""nofollow"">Twitter for Mac</a>",http://itunes.apple.com/us/app/twitter/id409789998?mt=12,Twitter for Mac,['https://apple.co/2MLUrav'],['https://t.co/FlzKFse7ng'],"[{'previewUrl': 'https://pbs.twimg.com/media/E5_9uvGWEAEFkti?format=jpg&name=small', 'fullUrl': 'https://pbs.twimg.com/media/E5_9uvGWEAEFkti?format=jpg&name=large'}]",,,,,"[{'username': 'myEPapp', 'id': 1356517023086497792, 'displayname': 'myEP app', 'description': None, 'rawDescription': None, 'descriptionUrls': None, 'verified': None, 'created': None, 'followersCount': None, 'friendsCount': None, 'statusesCount': None, 'favouritesCount': None, 'listedCount': None, 'mediaCount': None, 'location': None, 'protected': None, 'linkUrl': None, 'linkTcourl': None, 'profileImageUrl': None, 'profileBannerUrl': None, 'label': None}]","{'longitude': 4.3139889, 'latitude': 50.7963282}","{'fullName': 'Brussels, Belgium', 'name': 'Brussels', 'type': 'city', 'country': 'Belgium', 'countryCode': 'BE'}","['EuropeanParliament', 'Fitfor55', 'Russia', 'China', 'Belarus', 'migration', 'data', 'Slovenian']",,
