,url,date,content,renderedContent,id,user,replyCount,retweetCount,likeCount,quoteCount,conversationId,lang,source,sourceUrl,sourceLabel,outlinks,tcooutlinks,media,retweetedTweet,quotedTweet,inReplyToTweetId,inReplyToUser,mentionedUsers,coordinates,place,hashtags,cashtags,card
0,https://twitter.com/wojtysiak22/status/1413913265269260292,2021-07-10 17:29:26+00:00,"Rural / 鄉村

     “Rural/鄉村” is the peasant, the memory of a people in constant migration and disappearance in mainland China.

Gustavo Gusmão https://t.co/vk8iIxBMjv","Rural / 鄉村

     “Rural/鄉村” is the peasant, the memory of a people in constant migration and disappearance in mainland China.

Gustavo Gusmão https://t.co/vk8iIxBMjv",1413913265269260292,"{'username': 'wojtysiak22', 'id': 2806870739, 'displayname': 'Zbiggi', 'description': ""Tour simple J adorre la vie !La musique! L'amour!                                 Kocham Kraków ❤️"", 'rawDescription': ""Tour simple J adorre la vie !La musique! L'amour!                                 Kocham Kraków ❤️"", 'descriptionUrls': None, 'verified': False, 'created': datetime.datetime(2014, 10, 5, 6, 10, 52, tzinfo=datetime.timezone.utc), 'followersCount': 9952, 'friendsCount': 6212, 'statusesCount': 39996, 'favouritesCount': 32244, 'listedCount': 173, 'mediaCount': 21457, 'location': 'Angers, France ', 'protected': False, 'linkUrl': None, 'linkTcourl': None, 'profileImageUrl': 'https://pbs.twimg.com/profile_images/1005873324805771265/K7yrFcA2_normal.jpg', 'profileBannerUrl': 'https://pbs.twimg.com/profile_banners/2806870739/1528653793', 'label': None}",0,5,11,0,1413913265269260292,en,"<a href=""http://twitter.com/download/iphone"" rel=""nofollow"">Twitter for iPhone</a>",http://twitter.com/download/iphone,Twitter for iPhone,,,"[{'previewUrl': 'https://pbs.twimg.com/media/E586nqeXsAMAzGI?format=jpg&name=small', 'fullUrl': 'https://pbs.twimg.com/media/E586nqeXsAMAzGI?format=jpg&name=large'}, {'previewUrl': 'https://pbs.twimg.com/media/E586nqwXsAIXr2F?format=jpg&name=small', 'fullUrl': 'https://pbs.twimg.com/media/E586nqwXsAIXr2F?format=jpg&name=large'}, {'previewUrl': 'https://pbs.twimg.com/media/E586nrHWYAc9JwP?format=jpg&name=small', 'fullUrl': 'https://pbs.twimg.com/media/E586nrHWYAc9JwP?format=jpg&name=large'}, {'previewUrl': 'https://pbs.twimg.com/media/E586nrLXIAEDB6r?format=jpg&name=small', 'fullUrl': 'https://pbs.twimg.com/media/E586nrLXIAEDB6r?format=jpg&name=large'}]",,,,,,"{'longitude': -0.5364136, 'latitude': 47.662155}","{'fullName': 'Châteauneuf-sur-Sarthe, France', 'name': 'Châteauneuf-sur-Sarthe', 'type': 'city', 'country': 'France', 'countryCode': 'FR'}",,,
1,https://twitter.com/suyusekicen/status/1413900685079416844,2021-07-10 16:39:26+00:00,"As a EU member state Greece should have number of Turks migrated into Greece and settled in western thrace in open sources. Had there been a significant migration from Turkey to Greece to create a population on that level, we would have heard bitching about it a decade ago. https://t.co/TRHSm1Wkx5","As a EU member state Greece should have number of Turks migrated into Greece and settled in western thrace in open sources. Had there been a significant migration from Turkey to Greece to create a population on that level, we would have heard bitching about it a decade ago. twitter.com/Sotiridi1/stat…",1413900685079416844,"{'username': 'suyusekicen', 'id': 1318568839, 'displayname': ""Dart'hai 🇹🇷🇦🇿🇺🇦 #hudutnamustur"", 'description': ""Recurring character on popular Twitter series: *You don't look like a Turk, get a DNA test*. \n\nIG: darthaisplayground\nreddit.com/user/Darthai/"", 'rawDescription': ""Recurring character on popular Twitter series: *You don't look like a Turk, get a DNA test*. \n\nIG: darthaisplayground\nhttps://t.co/ZquNOFRVlT"", 'descriptionUrls': [{'text': 'reddit.com/user/Darthai/', 'url': 'http://reddit.com/user/Darthai/', 'tcourl': 'https://t.co/ZquNOFRVlT', 'indices': (118, 141)}], 'verified': False, 'created': datetime.datetime(2013, 3, 31, 15, 12, 19, tzinfo=datetime.timezone.utc), 'followersCount': 1730, 'friendsCount': 1294, 'statusesCount': 66893, 'favouritesCount': 121979, 'listedCount': 4, 'mediaCount': 4689, 'location': 'İzmir, Türkiye', 'protected': False, 'linkUrl': None, 'linkTcourl': None, 'profileImageUrl': 'https://pbs.twimg.com/profile_images/1534239950530613248/vCO41_0m_normal.jpg', 'profileBannerUrl': 'https://pbs.twimg.com/profile_banners/1318568839/1652258731', 'label': None}",1,0,3,0,1413900685079416844,en,"<a href=""http://twitter.com/download/android"" rel=""nofollow"">Twitter for Android</a>",http://twitter.com/download/android,Twitter for Android,['https://twitter.com/Sotiridi1/status/1413843447035858944'],['https://t.co/TRHSm1Wkx5'],,,"{'url': 'https://twitter.com/Sotiridi1/status/1413843447035858944', 'date': datetime.datetime(2021, 7, 10, 12, 52, tzinfo=datetime.timezone.utc), 'content': '@Biossh0ck They are Turkish migrants living in Greece.\n\nTheir problem is watching Turkish state propaganda, as they only watch Turkish TV instead of Greek channels.', 'renderedContent': '@Biossh0ck They are Turkish migrants living in Greece.\n\nTheir problem is watching Turkish state propaganda, as they only watch Turkish TV instead of Greek channels.', 'id': 1413843447035858944, 'user': {'username': 'Sotiridi1', 'id': 1233052695637975040, 'displayname': 'Inactive', 'description': '', 'rawDescription': '', 'descriptionUrls': None, 'verified': False, 'created': datetime.datetime(2020, 2, 27, 15, 34, 15, tzinfo=datetime.timezone.utc), 'followersCount': 3799, 'friendsCount': 1990, 'statusesCount': 5389, 'favouritesCount': 2378, 'listedCount': 53, 'mediaCount': 1292, 'location': 'Belgium', 'protected': False, 'linkUrl': None, 'linkTcourl': None, 'profileImageUrl': 'https://pbs.twimg.com/profile_images/1492285259358085125/nB46v8p1_normal.png', 'profileBannerUrl': None, 'label': None}, 'replyCount': 7, 'retweetCount': 0, 'likeCount': 10, 'quoteCount': 1, 'conversationId': 1413841526963281921, 'lang': 'en', 'source': '<a href=""https://mobile.twitter.com"" rel=""nofollow"">Twitter Web App</a>', 'sourceUrl': 'https://mobile.twitter.com', 'sourceLabel': 'Twitter Web App', 'outlinks': None, 'tcooutlinks': None, 'media': None, 'retweetedTweet': None, 'quotedTweet': None, 'inReplyToTweetId': 1413842392420077572, 'inReplyToUser': {'username': 'Biossh0ck', 'id': 1268875668613406720, 'displayname': 'Biosh0ck', 'description': None, 'rawDescription': None, 'descriptionUrls': None, 'verified': None, 'created': None, 'followersCount': None, 'friendsCount': None, 'statusesCount': None, 'favouritesCount': None, 'listedCount': None, 'mediaCount': None, 'location': None, 'protected': None, 'linkUrl': None, 'linkTcourl': None, 'profileImageUrl': None, 'profileBannerUrl': None, 'label': None}, 'mentionedUsers': [{'username': 'Biossh0ck', 'id': 1268875668613406720, 'displayname': 'Biosh0ck', 'description': None, 'rawDescription': None, 'descriptionUrls': None, 'verified': None, 'created': None, 'followersCount': None, 'friendsCount': None, 'statusesCount': None, 'favouritesCount': None, 'listedCount': None, 'mediaCount': None, 'location': None, 'protected': None, 'linkUrl': None, 'linkTcourl': None, 'profileImageUrl': None, 'profileBannerUrl': None, 'label': None}], 'coordinates': None, 'place': None, 'hashtags': None, 'cashtags': None, 'card': None}",,,,"{'longitude': 26.7231666, 'latitude': 38.2832034}","{'fullName': 'İzmir, Türkiye', 'name': 'İzmir', 'type': 'city', 'country': 'Turkey', 'countryCode': 'TR'}",,,
2,https://twitter.com/ElkeWinzer/status/1413846217075875840,2021-07-10 13:03:00+00:00,"@PranMan @hallrjh55 @freddydove @TanjaBueltmann Also, the headline could have been about the young, diverse, inclusive team with migration background. The “journalists” chose to pick another angle which sadly will sell far more copies. 
Unless we hear what Southgate actually said, we rely on excerpts which can easily distort.","@PranMan @hallrjh55 @freddydove @TanjaBueltmann Also, the headline could have been about the young, diverse, inclusive team with migration background. The “journalists” chose to pick another angle which sadly will sell far more copies. 
Unless we hear what Southgate actually said, we rely on excerpts which can easily distort.",1413846217075875840,"{'username': 'ElkeWinzer', 'id': 196792825, 'displayname': 'Elke Koessling-Winzer🌻🕷😷', 'description': 'Communications, Events & Business Support. Consultant and Coach. 🇪🇺 🇩🇪 🇬🇧', 'rawDescription': 'Communications, Events & Business Support. Consultant and Coach. 🇪🇺 🇩🇪 🇬🇧', 'descriptionUrls': None, 'verified': False, 'created': datetime.datetime(2010, 9, 29, 22, 46, 28, tzinfo=datetime.timezone.utc), 'followersCount': 3227, 'friendsCount': 4998, 'statusesCount': 33597, 'favouritesCount': 71563, 'listedCount': 100, 'mediaCount': 2322, 'location': 'Exmoor (Somerset), UK', 'protected': False, 'linkUrl': 'https://linktr.ee/Elkekoessling', 'linkTcourl': 'https://t.co/ty0Gbowyfd', 'profileImageUrl': 'https://pbs.twimg.com/profile_images/1430960047862030338/TZnZ9GbM_normal.jpg', 'profileBannerUrl': 'https://pbs.twimg.com/profile_banners/196792825/1561816913', 'label': None}",0,0,1,0,1413772121134837763,en,"<a href=""http://twitter.com/download/iphone"" rel=""nofollow"">Twitter for iPhone</a>",http://twitter.com/download/iphone,Twitter for iPhone,,,,,,1.4138125493725512e+18,"{'username': 'PranMan', 'id': 14637342, 'displayname': 'Pranay Manocha', 'description': None, 'rawDescription': None, 'descriptionUrls': None, 'verified': None, 'created': None, 'followersCount': None, 'friendsCount': None, 'statusesCount': None, 'favouritesCount': None, 'listedCount': None, 'mediaCount': None, 'location': None, 'protected': None, 'linkUrl': None, 'linkTcourl': None, 'profileImageUrl': None, 'profileBannerUrl': None, 'label': None}","[{'username': 'PranMan', 'id': 14637342, 'displayname': 'Pranay Manocha', 'description': None, 'rawDescription': None, 'descriptionUrls': None, 'verified': None, 'created': None, 'followersCount': None, 'friendsCount': None, 'statusesCount': None, 'favouritesCount': None, 'listedCount': None, 'mediaCount': None, 'location': None, 'protected': None, 'linkUrl': None, 'linkTcourl': None, 'profileImageUrl': None, 'profileBannerUrl': None, 'label': None}, {'username': 'hallrjh55', 'id': 2708001089, 'displayname': 'Rich-herbert', 'description': None, 'rawDescription': None, 'descriptionUrls': None, 'verified': None, 'created': None, 'followersCount': None, 'friendsCount': None, 'statusesCount': None, 'favouritesCount': None, 'listedCount': None, 'mediaCount': None, 'location': None, 'protected': None, 'linkUrl': None, 'linkTcourl': None, 'profileImageUrl': None, 'profileBannerUrl': None, 'label': None}, {'username': 'freddydove', 'id': 354250129, 'displayname': 'Fred Dove 🇪🇺🇩🇪🇬🇧', 'description': None, 'rawDescription': None, 'descriptionUrls': None, 'verified': None, 'created': None, 'followersCount': None, 'friendsCount': None, 'statusesCount': None, 'favouritesCount': None, 'listedCount': None, 'mediaCount': None, 'location': None, 'protected': None, 'linkUrl': None, 'linkTcourl': None, 'profileImageUrl': None, 'profileBannerUrl': None, 'label': None}, {'username': 'TanjaBueltmann', 'id': 554648712, 'displayname': 'Prof Tanja Bueltmann', 'description': None, 'rawDescription': None, 'descriptionUrls': None, 'verified': None, 'created': None, 'followersCount': None, 'friendsCount': None, 'statusesCount': None, 'favouritesCount': None, 'listedCount': None, 'mediaCount': None, 'location': None, 'protected': None, 'linkUrl': None, 'linkTcourl': None, 'profileImageUrl': None, 'profileBannerUrl': None, 'label': None}]","{'longitude': -6.36850399906372, 'latitude': 49.8824720005481}","{'fullName': 'South West, England', 'name': 'South West', 'type': 'admin', 'country': 'United Kingdom', 'countryCode': 'GB'}",,,
3,https://twitter.com/MaxiD/status/1413808062889082880,2021-07-10 10:31:24+00:00,"When your argument is based on a hypothetical scenario that’s never going to happen because, spoiler alert’ time travel isn’t a thing, and even if it was, what are you doing to the timeline that stops mass migration/immigration over centuries?","When your argument is based on a hypothetical scenario that’s never going to happen because, spoiler alert’ time travel isn’t a thing, and even if it was, what are you doing to the timeline that stops mass migration/immigration over centuries?",1413808062889082880,"{'username': 'MaxiD', 'id': 17990729, 'displayname': 'Max Deeley 🇺🇦', 'description': 'Associate Director at @Platform_Comms. @WokingHC 1st XI Keeper. Former UK Rock Paper Scissors Champ.', 'rawDescription': 'Associate Director at @Platform_Comms. @WokingHC 1st XI Keeper. Former UK Rock Paper Scissors Champ.', 'descriptionUrls': None, 'verified': False, 'created': datetime.datetime(2008, 12, 9, 13, 18, 8, tzinfo=datetime.timezone.utc), 'followersCount': 557, 'friendsCount': 1048, 'statusesCount': 3872, 'favouritesCount': 194, 'listedCount': 18, 'mediaCount': 260, 'location': 'Woking, Surrey', 'protected': False, 'linkUrl': 'https://www.platformcomms.com/', 'linkTcourl': 'https://t.co/YXRQxwiZUY', 'profileImageUrl': 'https://pbs.twimg.com/profile_images/926072000606560256/fB9eIOkS_normal.jpg', 'profileBannerUrl': 'https://pbs.twimg.com/profile_banners/17990729/1509627922', 'label': None}",1,0,0,0,1413808060380950529,en,"<a href=""http://twitter.com/download/iphone"" rel=""nofollow"">Twitter for iPhone</a>",http://twitter.com/download/iphone,Twitter for iPhone,,,,,,1.4138080603809505e+18,"{'username': 'MaxiD', 'id': 17990729, 'displayname': 'Max Deeley 🇺🇦', 'description': 'Associate Director at @Platform_Comms. @WokingHC 1st XI Keeper. Former UK Rock Paper Scissors Champ.', 'rawDescription': 'Associate Director at @Platform_Comms. @WokingHC 1st XI Keeper. Former UK Rock Paper Scissors Champ.', 'descriptionUrls': None, 'verified': False, 'created': datetime.datetime(2008, 12, 9, 13, 18, 8, tzinfo=datetime.timezone.utc), 'followersCount': 557, 'friendsCount': 1048, 'statusesCount': 3872, 'favouritesCount': 194, 'listedCount': 18, 'mediaCount': 260, 'location': 'Woking, Surrey', 'protected': False, 'linkUrl': 'https://www.platformcomms.com/', 'linkTcourl': 'https://t.co/YXRQxwiZUY', 'profileImageUrl': 'https://pbs.twimg.com/profile_images/926072000606560256/fB9eIOkS_normal.jpg', 'profileBannerUrl': 'https://pbs.twimg.com/profile_banners/17990729/1509627922', 'label': None}",,"{'longitude': -0.6329393, 'latitude': 51.283513}","{'fullName': 'Woking, South East', 'name': 'Woking', 'type': 'city', 'country': 'United Kingdom', 'countryCode': 'GB'}",,,
4,https://twitter.com/BZI_eV/status/1413795585149243392,2021-07-10 09:41:49+00:00,"Grußwort der Vorsitzenden des Bremer Rat für Integration Libuše Černá.

""Die Demokratie sucht momentan nach sich selbst. Hierbei werden die Themen Migration und Integration zum Spiegel""

#bzifachtag2021","Grußwort der Vorsitzenden des Bremer Rat für Integration Libuše Černá.

""Die Demokratie sucht momentan nach sich selbst. Hierbei werden die Themen Migration und Integration zum Spiegel""

#bzifachtag2021",1413795585149243392,"{'username': 'BZI_eV', 'id': 1153252304642105350, 'displayname': 'Bundeszuwanderungs- und Integrationsrat (BZI)', 'description': 'Der Bundeszuwanderungs-und Integrationsrat (BZI) ist der bundesweite Zusammenschluss kommunaler Integrationsbeiräte.', 'rawDescription': 'Der Bundeszuwanderungs-und Integrationsrat (BZI) ist der bundesweite Zusammenschluss kommunaler Integrationsbeiräte.', 'descriptionUrls': None, 'verified': False, 'created': datetime.datetime(2019, 7, 22, 10, 35, 50, tzinfo=datetime.timezone.utc), 'followersCount': 441, 'friendsCount': 245, 'statusesCount': 559, 'favouritesCount': 483, 'listedCount': 8, 'mediaCount': 161, 'location': '', 'protected': False, 'linkUrl': 'https://www.bzi-bundesintegrationsrat.de/', 'linkTcourl': 'https://t.co/Wr2go2IERI', 'profileImageUrl': 'https://pbs.twimg.com/profile_images/1168859407368806401/ivPxXvCh_normal.jpg', 'profileBannerUrl': 'https://pbs.twimg.com/profile_banners/1153252304642105350/1571216754', 'label': None}",0,0,2,0,1413795585149243392,de,"<a href=""http://twitter.com/download/android"" rel=""nofollow"">Twitter for Android</a>",http://twitter.com/download/android,Twitter for Android,,,,,,,,,"{'longitude': 8.872856626575627, 'latitude': 53.088549273622455}","{'fullName': 'Altes Radio Bremen Gelände / Sendesaal', 'name': 'Altes Radio Bremen Gelände / Sendesaal', 'type': 'poi', 'country': 'Germany', 'countryCode': 'DE'}",['bzifachtag2021'],,
5,https://twitter.com/eriklindahl/status/1413786848363696128,2021-07-10 09:07:06+00:00,"Ytterst landar det dock i Friedman's jobbiga men enkla slutsats att ett land antingen kan ha fri migration eller en välfärdsstaten, men inte båda. C står (långsiktigt) väsentligen för att begränsa tillgång välfärden, vilket jag sympatiserar med men är svårt att införa praktiskt.","Ytterst landar det dock i Friedman's jobbiga men enkla slutsats att ett land antingen kan ha fri migration eller en välfärdsstaten, men inte båda. C står (långsiktigt) väsentligen för att begränsa tillgång välfärden, vilket jag sympatiserar med men är svårt att införa praktiskt.",1413786848363696128,"{'username': 'eriklindahl', 'id': 15003064, 'displayname': 'Erik Lindahl', 'description': ""Professor of Biophysics, Science for Life Laboratory, Stockholm University & KTH. He/him. Opinions are mine, not my employers'. Retweet != endorsement."", 'rawDescription': ""Professor of Biophysics, Science for Life Laboratory, Stockholm University & KTH. He/him. Opinions are mine, not my employers'. Retweet != endorsement."", 'descriptionUrls': None, 'verified': False, 'created': datetime.datetime(2008, 6, 4, 9, 17, 35, tzinfo=datetime.timezone.utc), 'followersCount': 2582, 'friendsCount': 627, 'statusesCount': 13181, 'favouritesCount': 21058, 'listedCount': 13, 'mediaCount': 32, 'location': 'Stockholm, Sweden', 'protected': False, 'linkUrl': 'https://www.scilifelab.se/researchers/erik-lindahl/', 'linkTcourl': 'https://t.co/DPp5c6vFJo', 'profileImageUrl': 'https://pbs.twimg.com/profile_images/1372031550/lindahl_square_normal.jpg', 'profileBannerUrl': None, 'label': None}",1,0,0,0,1413786122157805568,sv,"<a href=""http://twitter.com/download/iphone"" rel=""nofollow"">Twitter for iPhone</a>",http://twitter.com/download/iphone,Twitter for iPhone,,,,,,1.4137861221578056e+18,"{'username': 'eriklindahl', 'id': 15003064, 'displayname': 'Erik Lindahl', 'description': ""Professor of Biophysics, Science for Life Laboratory, Stockholm University & KTH. He/him. Opinions are mine, not my employers'. Retweet != endorsement."", 'rawDescription': ""Professor of Biophysics, Science for Life Laboratory, Stockholm University & KTH. He/him. Opinions are mine, not my employers'. Retweet != endorsement."", 'descriptionUrls': None, 'verified': False, 'created': datetime.datetime(2008, 6, 4, 9, 17, 35, tzinfo=datetime.timezone.utc), 'followersCount': 2582, 'friendsCount': 627, 'statusesCount': 13181, 'favouritesCount': 21058, 'listedCount': 13, 'mediaCount': 32, 'location': 'Stockholm, Sweden', 'protected': False, 'linkUrl': 'https://www.scilifelab.se/researchers/erik-lindahl/', 'linkTcourl': 'https://t.co/DPp5c6vFJo', 'profileImageUrl': 'https://pbs.twimg.com/profile_images/1372031550/lindahl_square_normal.jpg', 'profileBannerUrl': None, 'label': None}",,"{'longitude': 17.5866464, 'latitude': 56.7959114}","{'fullName': 'Gotland, Sweden', 'name': 'Gotland', 'type': 'city', 'country': 'Sweden', 'countryCode': 'SE'}",,,
6,https://twitter.com/StryxArts/status/1413785500427735043,2021-07-10 09:01:44+00:00,"Today! Inside the country of the skin by @Asuf from 12pm-6pm

See films Asuf worked on over his residency earlier this year. Tackling themes of migration and memory, three deeply personal films are on show for your viewing pleasure!

Booking essential https://t.co/B3Lmcj8JdN https://t.co/e5QeiptHzo","Today! Inside the country of the skin by @Asuf from 12pm-6pm

See films Asuf worked on over his residency earlier this year. Tackling themes of migration and memory, three deeply personal films are on show for your viewing pleasure!

Booking essential ticketsource.co.uk/stryxgallery/a… https://t.co/e5QeiptHzo",1413785500427735043,"{'username': 'StryxArts', 'id': 777949922, 'displayname': 'Stryx', 'description': 'Stryx is an artist led studio and exhibition space in Digbeth formed by Fine Art graduates from Birmingham Institute of Art & Design.', 'rawDescription': 'Stryx is an artist led studio and exhibition space in Digbeth formed by Fine Art graduates from Birmingham Institute of Art & Design.', 'descriptionUrls': None, 'verified': False, 'created': datetime.datetime(2012, 8, 24, 11, 11, 1, tzinfo=datetime.timezone.utc), 'followersCount': 3417, 'friendsCount': 732, 'statusesCount': 3489, 'favouritesCount': 812, 'listedCount': 51, 'mediaCount': 955, 'location': 'Birmingham, England', 'protected': False, 'linkUrl': 'http://www.stryx.co.uk', 'linkTcourl': 'https://t.co/TyTGaAvDko', 'profileImageUrl': 'https://pbs.twimg.com/profile_images/1055595051227774976/j69a60jL_normal.jpg', 'profileBannerUrl': 'https://pbs.twimg.com/profile_banners/777949922/1457477309', 'label': None}",0,1,2,0,1413785500427735043,en,"<a href=""http://twitter.com/download/iphone"" rel=""nofollow"">Twitter for iPhone</a>",http://twitter.com/download/iphone,Twitter for iPhone,['https://www.ticketsource.co.uk/stryxgallery/asuf-ishaq-inside-the-country-of-the-skin/e-brqbye'],['https://t.co/B3Lmcj8JdN'],"[{'previewUrl': 'https://pbs.twimg.com/media/E57GawbXEAQoEnd?format=jpg&name=small', 'fullUrl': 'https://pbs.twimg.com/media/E57GawbXEAQoEnd?format=jpg&name=large'}, {'previewUrl': 'https://pbs.twimg.com/media/E57GawdXIAISMg-?format=jpg&name=small', 'fullUrl': 'https://pbs.twimg.com/media/E57GawdXIAISMg-?format=jpg&name=large'}]",,,,,"[{'username': 'Asuf', 'id': 7903632, 'displayname': 'Asuf Ishaq', 'description': None, 'rawDescription': None, 'descriptionUrls': None, 'verified': None, 'created': None, 'followersCount': None, 'friendsCount': None, 'statusesCount': None, 'favouritesCount': None, 'listedCount': None, 'mediaCount': None, 'location': None, 'protected': None, 'linkUrl': None, 'linkTcourl': None, 'profileImageUrl': None, 'profileBannerUrl': None, 'label': None}]","{'longitude': -2.033651, 'latitude': 52.381063}","{'fullName': 'Birmingham, England', 'name': 'Birmingham', 'type': 'city', 'country': 'United Kingdom', 'countryCode': 'GB'}",,,
